,title,name,price,Waist Rise,Length,Fit,Brand Fit Name,Print or Pattern Type,Closure,Type of Pleat,Weave Type,Fly Type,productId,Distress,Fabric,Main Trend,Multipack Set,Neck,Occasion,Pattern,Fabric 2,Number of Pockets,Character,Sleeve Length,Type,Wash Care,Fabric 3,Sustainable
0,HRX by Hrithik Roshan,Men Yellow Printed Round Neck T-Shirt,Rs. 349,,Regular,Regular Fit,,,,,,,1700944,,Cotton,Typography or Slogan Prints,Single,Round Neck,Casual,Printed,,,,,,,,
1,Campus Sutra,Men Blue Colourblocked Round Neck T-shirt,Rs. 379,,Regular,Regular Fit,,,,,,,10016983,,Cotton,Colourblocked,Single,Round Neck,Casual,Colourblocked,,,,,,,,
2,Difference of Opinion,Men Sea Green Solid Round Neck T-shirt,Rs. 499,,Regular,Regular Fit,,,,,,,11077774,,Cotton,New Basics,Single,Round Neck,Casual,Solid,,,,,,,,
3,DILLINGER,Men Navy Blue &amp; Red Striped Round Neck T-shirt,Rs. 479,,Regular,Regular Fit,,,,,,,11067734,,Cotton,New Basics,Single,Round Neck,Casual,Striped,,,,,,,,
4,max,Men Blue Printed Round Neck T-shirt,Rs. 349,,Regular,Slim Fit,,,,,,,12723090,,Cotton,Typography or Slogan Prints,Single,Round Neck,Casual,,Polyester,,,,,,,
5,DILLINGER,Men Navy Blue Colourblocked Round Neck T-shirt,Rs. 395,,Regular,Regular Fit,,,,,,,7228316,,Cotton,Colourblocked,Single,Round Neck,Casual,Colourblocked,,,,,,,,
6,Roadster,Time Travlr Men Navy Blue Printed Round Neck T-shirt,Rs. 399,,Regular,Regular Fit,,,,,,,2330276,,Cotton,Typography or Slogan Prints,Single,Round Neck,Casual,Printed,,,,,,,,
7,FIDO DIDO,Men Pink Solid Polo Collar Slim Fit T-shirt,Rs. 599,,Regular,Slim Fit,,,,,,,2471500,,Cotton,New Basics,Single,Polo Collar,Casual,Solid,,,,,,,,
8,Rodzen,Men Charcoal Grey &amp; Black Camouflage Print Hooded T-shirt,Rs. 999,,Regular,Regular Fit,,,,,,,12563440,,Cotton,Utility or Military Inspired,Single,Hood,Casual,Printed,,,,,,,,
9,Huetrap,Men Yellow &amp; Green Printed Round Neck T-shirt,Rs. 499,,Regular,Regular Fit,,,,,,,2352649,,Cotton,Tie and Dye,Single,Round Neck,Casual,Printed,,,,,,,,
10,Roadster,Men Maroon Solid Round Neck T-shirt,Rs. 399,,Regular,Regular Fit,,,,,,,2329007,,Cotton,New Basics,Single,Round Neck,Casual,Solid,,,,,,,,
11,RARE RABBIT,Men Pink Solid Polo Collar T-shirt,Rs. 2499,,Regular,Regular Fit,,,Button,,,,12721322,,Cotton,New Basics,Single,Polo Collar,Casual,,,,,,,,,
12,DILLINGER,Men Mustard Yellow Solid Round Neck T-shirt,Rs. 479,,Regular,Regular Fit,,,,,,,11068030,,Cotton,New Basics,Single,Round Neck,Casual,Solid,,,,,,,,
13,Roadster,Men Black &amp; Grey Textured All Over Printed Round Neck T-shirt,Rs. 349,,Regular,Regular Fit,,,,,,,8938197,,Cotton,Geometric Print,Single,Round Neck,Casual,Printed,,,,,,,,
14,HRX by Hrithik Roshan,Men Burgundy Solid Round Neck T-shirt,Rs. 549,,Regular,Regular Fit,,,,,,,10106237,,Cotton,New Basics,Single,Round Neck,Sports,Solid,,,,,,,,
15,Roadster,Men Maroon &amp; Off-White Printed Round Neck T-shirt,Rs. 299,,Regular,Regular Fit,,,,,,,10423580,,Cotton,Graphic Print Others,Single,Round Neck,Casual,Printed,,,,,,,,
16,Campus Sutra,Men Teal Blue &amp; Teal Green Ombre Henley Neck T-shirt,Rs. 359,,Regular,Regular Fit,,,,,,,11582786,,Cotton,Tie and Dye,Single,Henley Neck,Casual,Dyed,,,,,,,,
17,Reebok Classic,Unisex Black &amp; White FS Big Vector Panelled T-Shirt,Rs. 2999,,Regular,Regular Fit,,,Button,,,,11701136,,Polyester,Graphic Print Others,Single,Round Neck,Sports,,,,,,,,,
18,Roadster,Men Indigo Polo Collar T-shirt,Rs. 604,,Regular,Regular Fit,,,,,,,6719002,,Cotton,Tie and Dye,Single,Polo Collar,Casual,Dyed,,,,,,,,
19,max,Men Blue &amp; Black Striped Round Neck T-shirt,Rs. 499,,Regular,Regular Fit,,,,,,,12624982,,Cotton,New Basics,Single,Round Neck,Casual,Striped,,,,,,,,
20,Rigo,Men Blue Solid Round Neck T-shirt,Rs. 419,,Regular,Slim Fit,,,,,,,7480573,,Cotton,Colourblocked,Single,Round Neck,Casual,Solid,,,,,,,,
21,Roadster,Men Pack of 2 T-shirts,Rs. 649,,Regular,Regular Fit,,,,,,,6688085,,Cotton,New Basics,2,Round Neck,Casual,Solid,,,,,,,,
22,Maniac,Men White Printed Round Neck T-shirt,Rs. 379,,Regular,Slim Fit,,,,,,,9156867,,Cotton,Typography or Slogan Prints,Single,Round Neck,Casual,Printed,,,,,,,,
23,Difference of Opinion,Men Coral Solid Round Neck T-shirt,Rs. 499,,Regular,Regular Fit,,,,,,,11077816,,Cotton,New Basics,Single,Round Neck,Casual,Solid,,,,,,,,
24,Marks &amp; Spencer,Men Blue Slim Fit Solid Round Neck T-shirt,Rs. 629,,Regular,Slim Fit,,,,,,,11956916,,Cotton,New Basics,Single,Round Neck,Casual,Solid,,,,,,,,
25,GRITSTONES,Men Olive Green Solid Hood T-shirt,Rs. 449,,Regular,Regular Fit,,,,,,,8069999,,Cotton,New Basics,Single,Hood,Casual,Solid,,,,,,,,
26,max,Men Blue Printed Round Neck T-shirt,Rs. 499,,Regular,Regular Fit,,,,,,,12779220,,Cotton,Abstract,Single,Round Neck,Casual,Printed,,,,,,,,
27,GANT,Men Navy Blue Solid Polo Collar T-shirt,Rs. 4199,,Regular,Regular Fit,,,Button,,,,12012360,,Cotton,New Basics,Single,Polo Collar,Casual,,,,,,,,,
28,Roadster,Men Grey Melange Solid Henley Neck T-shirt,Rs. 349,,Regular,Regular Fit,,,Button,,,,11636526,,Cotton,New Basics,Single,Henley Neck,,,Polyester,,,,,,,
29,Difference of Opinion,Men Olive Green Printed Round Neck T-shirt,Rs. 499,,Regular,Regular Fit,,,,,,,2021376,,Cotton,New Basics,Single,Round Neck,Casual,Printed,,,,,,,,
30,Roadster,Men Navy Blue &amp; Beige Printed Round Neck T-shirt,Rs. 239,,Regular,Regular Fit,,,,,,,2499230,,Cotton,Graphic Print Others,Single,Round Neck,Casual,Printed,,,,,,,,
31,Calvin Klein Jeans,Men White Solid Slim Fit V-Neck T-shirt,Rs. 1169,,Regular,Slim Fit,,,,,,,12318634,,Cotton,New Basics,Single,V-Neck,Casual,,Elastane,,,,,,,
32,Roadster,Men Grey Dyed Round Neck T-shirt,Rs. 399,,Regular,Regular Fit,,,,,,,10938590,,Cotton,New Basics,Single,Round Neck,Casual,,,1,,,,,,
33,HRX by Hrithik Roshan,Men White Solid Round Neck T-shirt,Rs. 499,,Regular,Regular Fit,,,,,,,2428054,,Cotton,Typography or Slogan Prints,Single,Round Neck,Casual,,Elastane,,,,,,,
34,max,Men Red &amp; Black Justice League Printed Round Neck T-shirt,Rs. 599,,Regular,Regular Fit,,,,,,,12624842,,Cotton,Typography or Slogan Prints,Single,Round Neck,Casual,,,,Little Krishna,,,,,
35,Campus Sutra,Men Grey Printed Round Neck T-shirt,Rs. 399,,Regular,Regular Fit,,,,,,,10017085,,Cotton,Monochrome,Single,Round Neck,Casual,Printed,,,,,,,,
36,FIDO DIDO,Men Mustard Printed Polo Collar T-shirt,Rs. 599,,Regular,Slim Fit,,,,,,,2476463,,Cotton,New Basics,Single,Polo Collar,Casual,Printed,,,,,,,,
37,RARE RABBIT,Men Grey Printed Round Neck T-shirt,Rs. 1499,,Regular,Regular Fit,,,,,,,12721330,,Cotton,Typography or Slogan Prints,Single,Round Neck,Casual,Printed,,,,,,,,
38,HRX by Hrithik Roshan,Men White Slim Advanced Rapid Dry Raglan T-shirt,Rs. 449,,Regular,Regular Fit,,,,,,,2314421,,Polyester,Typography or Slogan Prints,Single,Round Neck,Sports,Solid,,,,,,,,
39,Calvin Klein Jeans,Men Olive Green &amp; Black Striped Round Neck Liquid Touch T-shirt,Rs. 1949,,Regular,Regular Fit,,,,,,,12318136,,Cotton,New Basics,Single,Round Neck,Casual,Striped,,,,,,,,
40,max,Men Green Slim Fit Printed Round Neck T-shirt,Rs. 399,,Regular,Slim Fit,,,,,,,12624758,,Cotton,Tropical,Single,Round Neck,Casual,,Polyester,,,,,,,
41,FIDO DIDO,Men Black Printed Polo Collar Slim Fit T-shirt,Rs. 559,,Regular,Slim Fit,,,,,,,2521204,,Cotton,Typography or Slogan Prints,Single,Polo Collar,Casual,Printed,,,,,,,,
42,max,Men Blue Solid Polo Collar T-shirt,Rs. 499,,Regular,Regular Fit,,,Button,,,,12779208,,Polyester,New Basics,Single,Polo Collar,Casual,,,,,,,,,
43,Kook N Keech,Men White Printed T-shirt,Rs. 279,,Regular,Regular Fit,,,,,,,2388033,,Cotton,Typography or Slogan Prints,Single,Round Neck,Casual,Printed,,,,,,,,
44,HRX by Hrithik Roshan,Men Black Printed Round Neck T-shirt,Rs. 349,,Regular,Regular Fit,,,,,,,1840362,,Cotton,Typography or Slogan Prints,Single,Round Neck,Casual,Printed,,,,,,,,
45,Roadster,Men Blue Striped Polo Collar T-shirt,Rs. 599,,Regular,Regular Fit,,,,,,,9108635,,Cotton,Multi or Variegated Stripes,Single,Polo Collar,Casual,Striped,,,,,,,,
46,DILLINGER,Men Green &amp; Black Printed Round Neck T-shirt,Rs. 395,,Regular,Regular Fit,,,,,,,7452058,,Cotton,New Basics,Single,Round Neck,Casual,Printed,,,,,,,,
47,Calvin Klein Jeans,Men Grey Melange Slim Fit T-shirt With Brand Logo Print Detail,Rs. 1649,,Regular,Slim Fit,,,,,,,12243798,,Cotton,Typography or Slogan Prints,Single,Round Neck,Casual,Solid,,,,,,,,
48,Roadster,Men White Solid Polo Collar T-shirt,Rs. 449,,Regular,Regular Fit,,,,,,,11126666,,Cotton,New Basics,Single,Polo Collar,Casual,Solid,,,,,,,,
49,Roadster,Time Travlr Men Navy Solid T-shirt with Raglan Sleeves,Rs. 359,,Regular,Regular Fit,,,,,,,1996749,,Cotton,New Basics,Single,Round Neck,Casual,Solid,,,,,,,,
50,Marks &amp; Spencer,Men Blue Solid V-Neck T-shirt,Rs. 629,,Regular,Regular Fit,,,,,,,11956904,,Cotton,New Basics,Single,V-Neck,Casual,Solid,,,,,,,,
51,Roadster,Men White Solid Polo Collar T-shirt,Rs. 449,,Regular,Regular Fit,,,,,,,11126666,,Cotton,New Basics,Single,Polo Collar,Casual,Solid,,,,,,,,
52,UNDER ARMOUR,Men Maroon Printed Eclipse Circle SS T-Shirt,Rs. 1799,,Regular,Loose,,,,,,,11410182,,Cotton,Typography or Slogan Prints,Single,Round Neck,Sports,,Polyester,,,,,,,
53,Roadster,Time Travlr Men Navy Solid T-shirt with Raglan Sleeves,Rs. 359,,Regular,Regular Fit,,,,,,,1996749,,Cotton,New Basics,Single,Round Neck,Casual,Solid,,,,,,,,
54,max,Men White Printed Round Neck T-shirt,Rs. 499,,Regular,Slim Fit,,,,,,,12643024,,Cotton,Graphic Print Others,Single,Round Neck,Casual,Printed,,,,,,,,
55,HRX by Hrithik Roshan,Men Navy Advanced Rapid Dry Raglan Polo T-shirt,Rs. 599,,Regular,Regular Fit,,,,,,,2314375,,Polyester,Micro or Ditsy Print,Single,Polo Collar,Sports,Self Design,,,,,,,,
56,Roadster,Men Pack of 2 Round Neck T-shirts,Rs. 584,,,,,,,,,,1714645,,,,,,,,,,,,,,,
57,Calvin Klein Jeans,Men Grey Melange Slim Fit T-shirt With Brand Logo Print Detail,Rs. 1649,,Regular,Slim Fit,,,,,,,12243798,,Cotton,Typography or Slogan Prints,Single,Round Neck,Casual,Solid,,,,,,,,
58,Difference of Opinion,Men Navy Blue Solid Round Neck T-shirt,Rs. 499,,Regular,Regular Fit,,,,,,,11077874,,Cotton,New Basics,Single,Round Neck,Casual,Solid,,,,,,,,
59,HRX by Hrithik Roshan,Men Navy Blue &amp; Red Solid Round Neck T-shirt,Rs. 449,,Regular,Regular Fit,,,,,,,2425432,,Cotton,Nautical,Single,Round Neck,Casual,Solid,,,,,,,,
60,DILLINGER,Men Mauve Solid Round Neck T-shirt,Rs. 349,,Regular,Regular Fit,,,,,,,11543376,,Cotton,New Basics,Single,Round Neck,Casual,Solid,,,,,,,,
61,max,Men Yellow Printed Polo Collar T-shirt,Rs. 499,,Regular,Regular Fit,,,,,,,12642822,,Cotton,Graphic Print Others,Single,Polo Collar,Casual,,Polyester,,,,,,,
62,Roadster,Men Navy Blue Solid Henley Neck T-shirt,Rs. 359,,Regular,Regular Fit,,,Button,,,,10940500,,Cotton,New Basics,Single,Henley Neck,Casual,,,,,,,,,
63,GRITSTONES,Men Black Solid High Neck T-shirt,Rs. 428,,Regular,Regular Fit,,,,,,,12414830,,Cotton,New Basics,Single,High Neck,Casual,Solid,,,,,,,,
64,Calvin Klein Jeans,Men White Brand Logo Print Round Neck T-shirt,Rs. 2159,,Regular,Regular Fit,,,,,,,12243802,,Cotton,Typography or Slogan Prints,Single,Round Neck,Casual,Printed,,,,,,,,
65,HRX by Hrithik Roshan,Men Jet Black Rapid-Dry N9 Antimicrobial Technology Running T-shirt,Rs. 899,,Regular,Regular Fit,,,,,,,11640088,,Polyester,Typography or Slogan Prints,Single,Round Neck,Sports,Solid,,,,,,,,
66,HERE&amp;NOW,Men Rust Red &amp; White Dyed Round Neck T-shirt,Rs. 239,,Regular,Regular Fit,,,,,,,9376055,,Cotton,Tie and Dye,Single,Round Neck,Casual,Dyed,,,,,,,,
67,PUNK,Men Black Striped Scoop Neck T-shirt,Rs. 899,,Regular,Regular Fit,,,,,,,12820838,,Cotton,Monochrome,Single,Scoop Neck,Casual,Striped,,,,,,,,
68,Nike,Men Green Self Design dri-FIT Round Neck Running T-shirt,Rs. 1746,,Regular,Regular Fit,,,,,,,12531774,,Polyester,New Basics,Single,Round Neck,Sports,,Cotton,,,,,,,
69,H&amp;M,Men Black Printed Long Hooded T-shirt,Rs. 1299,,Regular,Regular Fit,,,,,,,12696156,,Cotton,Abstract,Single,Hood,Casual,Printed,,,,,,,,
70,HERE&amp;NOW,Men Mustard Yellow &amp; Navy Colourblocked T-shirt,Rs. 359,,Regular,Regular Fit,,,,,,,2427598,,Cotton,Colourblocked,Single,Round Neck,Casual,Colourblocked,,,,,,,,
71,U.S. Polo Assn.,Men Black Solid Round Neck Athleisure T-shirt,Rs. 374,,,,,,,,,,9168523,,Cotton,,,Round Neck,,Solid,,,,Short Sleeves,Regular,Machine Wash,,
72,Calvin Klein Jeans,Men Black Round Neck Slim Fit T-shirt With Brand Logo Print Detail,Rs. 1649,,Regular,Slim Fit,,,,,,,12243806,,Cotton,Typography or Slogan Prints,Single,Round Neck,Casual,,Elastane,,,,,,,
73,Reebok Classic,Unisex White International Sports Printed T-Shirt,Rs. 2599,,Regular,Regular Fit,,,,,,,11701150,,Cotton,Typography or Slogan Prints,Single,Round Neck,Sports,Printed,,,,,,,,
74,Calvin Klein Jeans,Men Olive Green Printed Slim Fit Round Neck T-shirt With Velvet Detail,Rs. 3599,,Regular,Slim Fit,,,,,,,11370350,,Cotton,Typography or Slogan Prints,Single,Round Neck,Casual,,Elastane,,,,,,,
75,Roadster,Men Green &amp; Navy Blue Striped Round Neck T-shirt,Rs. 319,,Regular,Regular Fit,,,,,,,11533198,,Cotton,New Basics,Single,Round Neck,Casual,Striped,,,,,,,,
76,max,Men Red &amp; Black Printed Round Neck T-shirt,Rs. 599,,Regular,Regular Fit,,,,,,,12642974,,Cotton,Typography or Slogan Prints,Single,Round Neck,Casual,Printed,,,,,,,,
77,FIDO DIDO,Men Blue Solid Slim Fit Polo Collar T-shirt,Rs. 599,,Regular,Slim Fit,,,,,,,11147904,,Cotton,New Basics,Single,Polo Collar,Casual,Solid,,,,,,,,
78,Roadster,Men Navy Blue Solid Round Neck T-shirt,Rs. 999,,Regular,Regular Fit,,,,,,,11545362,,Cotton,Nautical,Single,Round Neck,Casual,Solid,,,,,,,,
79,Reebok Classic,Unisex Coral Red International Sports Printed T-Shirt,Rs. 2599,,Regular,Regular Fit,,,,,,,11701142,,Cotton,Typography or Slogan Prints,Single,Round Neck,Sports,Printed,,,,,,,,
80,Bewakoof,Men Black Printed Round Neck T-shirt,Rs. 329,,Regular,Regular Fit,,,,,,,12339226,,Cotton,Typography or Slogan Prints,Single,Round Neck,Casual,Printed,,,,,,,,
81,Justice League,Men Navy Blue Printed Round Neck T-shirt,Rs. 349,,Regular,Regular Fit,,,,,,,1965553,,Cotton,Graphic Print Others,Single,Round Neck,Casual,Printed,,,,,,,,
82,Kook N Keech Marvel,Black Captain America Print T-shirt,Rs. 349,,,Regular Fit,,,,,,,1293737,,Cotton,Graphic Print Others,Single,Round Neck,Casual,Printed,Cotton,,,,,,,
83,max,Men White Printed Round Neck T-shirt,Rs. 499,,Regular,Regular Fit,,,,,,,12642824,,Cotton,Typography or Slogan Prints,Single,Round Neck,Casual,,Polyester,,,,,,,
84,ADIDAS,Men Black Solid D2M Polo Collar T-shirt,Rs. 599,,Regular,Regular Fit,,,,,,,8809705,,Polyester,New Basics,Single,Polo Collar,Sports,Solid,,,,,,,,
85,Nautica,Men Navy Blue &amp; White Striped Polo Collar T-shirt,Rs. 2309,,Regular,Regular Fit,,,,,,,11630346,,Cotton,Multi or Variegated Stripes,Single,Polo Collar,Casual,Striped,,,,,,,,
86,HRX by Hrithik Roshan,Men Black Printed Crew Neck Graphic Tshirt,Rs. 349,,Regular,Regular Fit,,,,,,,8898187,,Cotton,Typography or Slogan Prints,Single,Round Neck,Sports,Printed,,,,,,,,
87,Kook N Keech,Men Neon Green Printed Round Neck T-shirt,Rs. 449,,Regular,Regular Fit,,,,,,,10926112,,Polyester,Typography or Slogan Prints,Single,Round Neck,Casual,Printed,,,,,,,,
88,Calvin Klein Jeans,Men White Solid Round Neck T-shirt with Printed Detail,Rs. 2599,,Regular,Regular Fit,,,,,,,12318024,,Cotton,New Basics,Single,Round Neck,Casual,,Elastane,,,,,,,
89,Roadster,Men Maroon &amp; Navy Blue Colourblocked Round Neck T-shirt,Rs. 319,,Regular,Regular Fit,,,,,,,11533496,,Cotton,New Basics,Single,Round Neck,Casual,Colourblocked,,,,,,,,
90,HERE&amp;NOW,Men Navy Blue Solid V-Neck T-shirt,Rs. 219,,Regular,Regular Fit,,,,,,,2477557,,Cotton,Nautical,Single,V-Neck,Casual,Solid,,,,,,,,
91,H&amp;M,Black Solid Round-neck T-shirt Slim Fit,Rs. 524,,,,,,,,,,10384641,,Cotton,,,Round Neck,,Solid,,,,Short Sleeves,Regular,Machine Wash,,
92,U.S. Polo Assn.,Men Green Solid Polo Collar T-shirt,Rs. 839,,Regular,Regular Fit,,,,,,,2365521,,Cotton,New Basics,Single,Polo Collar,Casual,Solid,,,,,,,,
93,Moda Rapido,Men Navy Blue &amp; White Striped Round Neck T-shirt,Rs. 489,,Regular,Regular Fit,,,,,,,2378414,,Cotton,Nautical,Single,Round Neck,Casual,Striped,,,,,,,,
94,max,Men Violet Animal Printed Round Neck T-shirt,Rs. 599,,Regular,Regular Fit,,,,,,,12643028,,Cotton,Animal,Single,Round Neck,Casual,Printed,,,,,,,,
95,Nautica,Men White &amp; Navy Blue Striped Polo Collar T-shirt,Rs. 2309,,Regular,Regular Fit,,,Button,,,,11630384,,Cotton,New Basics,Single,Polo Collar,Casual,,,,,,,,,
96,Classic Polo,Men Grey And Purple Striped Polo Collar T-shirt,Rs. 959,,Regular,Slim Fit,,,Button,,,,12462920,,Cotton,Multi or Variegated Stripes,Single,Polo Collar,Casual,,,,,,,,,
97,PORTBLAIR,Men Mustard Yellow Solid Polo Collar T-shirt,Rs. 391,,Regular,Regular Fit,,,,,,,11288606,,Cotton,New Basics,Single,Polo Collar,Casual,,Polyester,,,,,,,
98,Reebok Classic,Unisex Blue International Sports Printed T-Shirt,Rs. 2599,,Regular,Regular Fit,,,,,,,11701132,,Cotton,Typography or Slogan Prints,Single,Round Neck,Sports,Printed,,,,,,,,
99,HERE&amp;NOW,Men Teal Blue Printed Round Neck T-shirt,Rs. 259,,Regular,Regular Fit,,,,,,,9376237,,Cotton,Typography or Slogan Prints,Single,Round Neck,Casual,Printed,,,,,,,,
100,max,Men Beige &amp; Black Printed Round Neck T-shirt,Rs. 599,,Regular,Regular Fit,,,,,,,12642894,,Cotton,Typography or Slogan Prints,Single,Round Neck,Casual,Printed,,,,,,,,
101,max,Men Blue &amp; Black Printed Round Neck T-shirt,Rs. 499,,Regular,Regular Fit,,,,,,,12642848,,Cotton,Graphic Print Others,Single,Round Neck,Casual,Printed,,,,,,,,
102,HRX by Hrithik Roshan,Men Black Advanced Rapid Dry Raglan Polo Collar T-shirt,Rs. 599,,Regular,Regular Fit,,,,,,,2314374,,Polyester,New Basics,Single,Polo Collar,Sports,Self Design,,,,,,,,
103,max,Men Olive Green Solid Henley Neck T-shirt,Rs. 349,,Regular,Regular Fit,,,Button,,,,12779214,,Cotton,New Basics,Single,Henley Neck,Casual,,,,,,,,,
104,Difference of Opinion,Men Grey Melange Striped Round Neck T-shirt,Rs. 499,,Regular,Regular Fit,,,,,,,1669864,,Cotton,New Basics,Single,Round Neck,Casual,Striped,,,,,,,,
105,U.S. Polo Assn.,Maroon Solid Lounge T-Shirt,Rs. 374,,,,,,,,,,2465191,,Cotton,,,Round Neck,,Solid,,,,Short Sleeves,Regular,Machine Wash,,
106,Calvin Klein Jeans,Men Black Solid Round Neck T-shirt,Rs. 1649,,Regular,Slim Fit,,,,,,,12243780,,Cotton,New Basics,Single,Round Neck,Casual,,Elastane,,,,,,,
107,U.S. Polo Assn.,Coral Red Solid Polo T-shirt,Rs. 839,,Regular,Regular Fit,,,,,,,2365516,,Cotton,New Basics,Single,Polo Collar,Casual,Solid,,,,,,,,
108,Roadster,Men Navy Blue &amp; White Striped Round Neck T-shirt,Rs. 799,,Regular,Regular Fit,,,,,,,11533450,,Cotton,New Basics,Single,Round Neck,Casual,Striped,,,,,,,,
109,Maniac,Men White Checked Round Neck T-shirt,Rs. 416,,Regular,Slim Fit,,,,,,,4046711,,Cotton,New Basics,Single,Round Neck,Casual,,Cotton,,,,,,,
110,max,Men Maroon Printed Round Neck T-shirt,Rs. 599,,Regular,Slim Fit,,,,,,,12625314,,Cotton,Typography or Slogan Prints,Single,Round Neck,Casual,Printed,,,,,,,,
111,Roadster,Men Blue Printed Henley Neck T-shirt,Rs. 399,,Regular,Regular Fit,,,Button,,,,11533838,,Cotton,Typography or Slogan Prints,Single,Henley Neck,Casual,,,,,,,,,
112,Roadster,Men Charcoal Grey Printed Round Neck T-shirt,Rs. 279,,Regular,Regular Fit,,,,,,,12251232,,Cotton,Placement Print,Single,Round Neck,Casual,Printed,,,,,,,,
113,PUNK,Men Black Printed Round Neck T-shirt,Rs. 999,,Regular,Regular Fit,,,,,,,12821316,,Cotton,Graphic Print Others,Single,Round Neck,Casual,Printed,,,,,,,,
114,Calvin Klein Jeans,Men Grey Melange Slim Fit T-shirt With Brand Logo Print Detail,Rs. 1649,,Regular,Slim Fit,,,,,,,12243798,,Cotton,Typography or Slogan Prints,Single,Round Neck,Casual,Solid,,,,,,,,
115,HRX by Hrithik Roshan,Men Red Regular Fit Rapid dry Running T-shirt,Rs. 449,,Regular,Regular Fit,,,,,,,8328515,,Polyester,Typography or Slogan Prints,Single,Round Neck,Sports,Printed,,,,,,,,
116,Roadster,Men Maroon Printed T-shirt with Patch Pocket,Rs. 359,,,,,,,,,,414356,,,,,,,,,,,,,,,
117,max,Men Charcoal Grey Self Design Round Neck T-shirt,Rs. 599,,Regular,Slim Fit,,,,,,,12642960,,Polyester,New Basics,Single,Round Neck,Casual,Self Design,,,,,,,,
118,Roadster,Men Grey Solid Round Neck T-shirt,Rs. 249,,Regular,Regular Fit,,,,,,,11876060,,Cotton,New Basics,Single,Round Neck,Casual,Solid,,,,,,,,
119,Rigo,Navy &amp; White Striped Smart Fit T-shirt,Rs. 399,,Regular,Slim Fit,,,,,,,1484688,,Cotton,Nautical,Single,Round Neck,Casual,Striped,,,,,,,,
120,max,Men White &amp; Black Printed Round Neck T-shirt,Rs. 699,,Regular,Regular Fit,,,,,,,12624810,,Cotton,Typography or Slogan Prints,Single,Round Neck,Casual,Printed,,,,,,,,
121,Mast &amp; Harbour,Men Blue &amp; White Printed Round Neck T-shirt,Rs. 359,,Regular,Regular Fit,,,,,,,11892978,,Cotton,Conversational Print,Single,Round Neck,Casual,Printed,,,,,,,,
122,Bewakoof,Men Black Printed Round Neck T-shirt,Rs. 329,,Regular,Regular Fit,,,,,,,12339226,,Cotton,Typography or Slogan Prints,Single,Round Neck,Casual,Printed,,,,,,,,
123,Roadster,Men Blue Solid Polo Collar T-shirt,Rs. 449,,Regular,Regular Fit,,,,,,,2303686,,Cotton,New Basics,Single,Polo Collar,Casual,Solid,,,,,,,,
124,DILLINGER,Men Navy Blue Solid Round Neck T-shirt,Rs. 479,,Regular,Regular Fit,,,,,,,11067746,,Cotton,Nautical,Single,Round Neck,Casual,Solid,,,,,,,,
125,PUNK,Men Black Printed Round Neck T-shirt,Rs. 999,,Regular,Regular Fit,,,,,,,12820816,,Cotton,Monochrome,Single,Round Neck,Casual,Printed,,,,,,,,
126,Donald Duck,Men Yellow Printed Round Neck T-shirt,Rs. 292,,Regular,Regular Fit,,,,,,,1439758,,Cotton,Graphic Print Others,Single,Round Neck,Casual,Printed,,,,,,,,
127,HRX by Hrithik Roshan,Men White Printed Rapid Dry Lightweight Regular Fit Running T-shirt,Rs. 749,,Regular,Regular Fit,,,,,,,10167957,,Polyester,Geometric Print,Single,Round Neck,Sports,Printed,,,,,,,,
128,max,Men Blue Self Design Hood T-shirt,Rs. 349,,Regular,Regular Fit,,,,,,,12779294,,Polyester,New Basics,Single,Hood,Casual,Self Design,,,,,,,,
129,Kook N Keech,Men Peach-Coloured Printed Round Neck T-shirt,Rs. 359,,Regular,Regular Fit,,,,,,,2388031,,Cotton,Typography or Slogan Prints,Single,Round Neck,Casual,Printed,,,,,,,,
130,Calvin Klein Jeans,Men White Solid Round Neck T-shirt With Printed Detailing,Rs. 1484,,Regular,Slim Fit,,,,,,,12318056,,Cotton,New Basics,Single,Round Neck,Casual,,Elastane,,,,,,,
131,max,Men Green &amp; PInk Tropical Printed Round Neck T-shirt,Rs. 599,,Regular,Regular Fit,,,,,,,12625300,,Cotton,Tropical,Single,Round Neck,Casual,Printed,,,,,,,,
132,Roadster,Men Rust Orange &amp; White Striped Polo Collar T-shirt,Rs. 399,,Regular,Regular Fit,,,Button,,,,12121348,,Cotton,New Basics,Single,Polo Collar,Casual,,,,,,,,,
133,Nautica,Men White &amp; Green Striped Polo Collar T-shirt,Rs. 2309,,Regular,Regular Fit,,,Button,,,,11487296,,Cotton,Multi or Variegated Stripes,Single,Polo Collar,Casual,,,,,,,,,
134,HRX by Hrithik Roshan,Men Aegean Blue Printed Organic Yoga Tshirts,Rs. 1044,,Regular,Regular Fit,,,,,,,11640512,,Cotton,Geometric Print,Single,Round Neck,Sports,,Elastane,,,,,,,
135,Roadster,Men Dusty Pink Solid Polo Collar T-shirt,Rs. 349,,Regular,Regular Fit,,,Button,,,,12123120,,Cotton,New Basics,Single,Polo Collar,Casual,,,,,,,,,
136,United Colors of Benetton,Men Navy Blue &amp; Mauve Printed Polo Collar T-shirt,Rs. 759,,Regular,Regular Fit,,,,,,,11615098,,Cotton,Geometric Print,Single,Polo Collar,Casual,Printed,,,,,,,,
137,Roadster,Men Charcoal grey Printed Round Neck T-shirt,Rs. 319,,Regular,Regular Fit,,,,,,,12251170,,Cotton,Typography or Slogan Prints,Single,Round Neck,Casual,Printed,,,,,,,,
138,Classic Polo,Men Grey And Purple Striped Polo Collar T-shirt,Rs. 959,,Regular,Slim Fit,,,Button,,,,12462920,,Cotton,Multi or Variegated Stripes,Single,Polo Collar,Casual,,,,,,,,,
139,Rodzen,Men Blue Striped Round Neck T-shirt,Rs. 599,,Regular,Regular Fit,,,,,,,12316134,,Cotton,New Basics,Single,Round Neck,Casual,Striped,,,,,,,,
140,Roadster,Men Red &amp; Black Striped Polo Collar T-shirt,Rs. 399,,Regular,Regular Fit,,,Button,,,,12121330,,Cotton,New Basics,Single,Polo Collar,Casual,,,,,,,,,
141,U.S. Polo Assn.,Men Teal Green Solid Polo Collar T-shirt,Rs. 1699,,Regular,Regular Fit,,,Button,,,,11359604,,Cotton,New Basics,Single,Polo Collar,,,Polyester,,,,,,,
142,GANT,Men Grey Striped Polo Collar T-shirt,Rs. 5599,,Regular,Regular Fit,,,Button,,,,12014112,,Cotton,New Basics,Single,Polo Collar,Casual,,,,,,,,,
143,Roadster,Men Navy Blue &amp; White Striped Polo Collar T-shirt,Rs. 599,,Regular,Regular Fit,,,Button,,,,9973021,,Cotton,New Basics,Single,Polo Collar,Casual,,,,,,,,,
144,Roadster,Men Olive Green Solid Round Neck T-shirt,Rs. 279,,Regular,Regular Fit,,,,,,,12251206,,Cotton,New Basics,Single,Round Neck,Casual,Solid,,,,,,,,
145,HRX by Hrithik Roshan,Men Blue Haze Printed Organic Yoga Tshirts,Rs. 1044,,Regular,Regular Fit,,,,,,,11640066,,Cotton,Geometric Print,Single,Round Neck,Sports,Printed,,,,,,,,
146,Tommy Hilfiger,Men Blue Printed Round Neck T-shirt,Rs. 1299,,Regular,Regular Fit,,,,,,,12281608,,Cotton,Typography or Slogan Prints,Single,Round Neck,Casual,Printed,,,,,,,,
147,max,Men Red Printed Round Neck T-shirt,Rs. 599,,Regular,Regular Fit,,,,,,,12642838,,Cotton,Graphic Print Others,Single,Round Neck,Casual,Printed,,,,,,,,
148,Roadster,Men Burgundy &amp; Navy Blue Striped Round Neck T-shirt,Rs. 499,,Regular,Regular Fit,,,,,,,11545650,,Cotton,New Basics,Single,Round Neck,Casual,Striped,,,,,,,,
149,HRX by Hrithik Roshan,Men Aegean Blue Printed Organic Yoga Tshirts,Rs. 1044,,Regular,Regular Fit,,,,,,,11640512,,Cotton,Geometric Print,Single,Round Neck,Sports,,Elastane,,,,,,,
150,Roadster,Men Navy Striped T-shirt with Patch Pocket,Rs. 349,,,,,,,,,,1824372,,,,,,,,,,,,,,,
151,HERE&amp;NOW,Men Blue &amp; Grey Melange Dyed Round Neck T-shirt,Rs. 299,,Regular,Regular Fit,,,,,,,11332778,,Cotton,New Basics,Single,Round Neck,,,Polyester,1,,,,,,
152,VEIRDO,Men Maroon Colourblocked Polo Collar T-shirt,Rs. 499,,Regular,Regular Fit,,,,,,,11925912,,Cotton,Colourblocked,Single,Polo Collar,Casual,Colourblocked,,,,,,,,
153,Roadster,Men Navy Blue &amp; Mustard Yellow Striped Polo Collar T-shirt,Rs. 399,,Regular,Regular Fit,,,Button,,,,12121336,,Cotton,New Basics,Single,Polo Collar,Casual,,,,,,,,,
154,Maniac,Men Navy Blue Solid Round Neck T-shirt,Rs. 406,,Regular,Slim Fit,,,,,,,9059133,,Cotton,New Basics,Single,Round Neck,Casual,Solid,,,,,,,,
155,Roadster,Men Black Solid Raw Edge Round Neck T-shirt,Rs. 299,,,,,,,,,,1996792,,,,,,,,,,,,,,,
156,Calvin Klein Jeans,Men Grey Melange Slim Fit T-shirt With Brand Logo Print Detail,Rs. 1649,,Regular,Slim Fit,,,,,,,12243798,,Cotton,Typography or Slogan Prints,Single,Round Neck,Casual,Solid,,,,,,,,
157,Nautica,Men White Printed Polo Collar T-shirt,Rs. 2309,,Regular,Regular Fit,,,Button,,,,11487352,,Cotton,Conversational Print,Single,Polo Collar,Casual,,,,,,,,,
158,ether,Men Black Solid Round Neck T-Shirt,Rs. 249,,Regular,Regular Fit,,,,,,,1485529,,Cotton,New Basics,Single,Round Neck,Casual,Solid,,,,,,,,
159,Roadster,Men Navy Blue &amp; White Striped Round Neck T-shirt,Rs. 799,,Regular,Regular Fit,,,,,,,11533450,,Cotton,New Basics,Single,Round Neck,Casual,Striped,,,,,,,,
160,Rigo,Men Grey Colourblocked Round Neck T-shirt,Rs. 399,,Regular,Slim Fit,,,,,,,5567406,,Cotton,Colourblocked,Single,Round Neck,Casual,Colourblocked,,,,,,,,
161,Roadster,Men Charcoal Grey Solid Round Neck T-shirt,Rs. 799,,Regular,Regular Fit,,,,,,,11545332,,Cotton,New Basics,Single,Round Neck,Casual,Solid,,,,,,,,
162,H&amp;M,Men Green Polo Shirt Slim Fit,Rs. 799,,Regular,Regular Fit,,,,,,,12345538,,Cotton,New Basics,Single,Round Neck,Casual,Solid,,,,,,,,
163,HRX by Hrithik Roshan,Men Blue Haze Printed Organic Yoga Tshirts,Rs. 1044,,Regular,Regular Fit,,,,,,,11640066,,Cotton,Geometric Print,Single,Round Neck,Sports,Printed,,,,,,,,
164,Calvin Klein Jeans,Men Black Solid Round Neck T-shirt,Rs. 1649,,Regular,Slim Fit,,,,,,,12243780,,Cotton,New Basics,Single,Round Neck,Casual,,Elastane,,,,,,,
165,Roadster,Men Mustard Yellow Solid Polo Collar T-shirt,Rs. 499,,Regular,Regular Fit,,,,,,,9329707,,Cotton,New Basics,Single,Polo Collar,Casual,Solid,,,,,,,,
166,max,Men Red Printed Round Neck T-shirt,Rs. 599,,Regular,Regular Fit,,,,,,,12642838,,Cotton,Graphic Print Others,Single,Round Neck,Casual,Printed,,,,,,,,
167,GANT,Men Blue Solid Round Neck T-shirt,Rs. 2099,,Regular,Regular Fit,,,,,,,12553756,,Cotton,Abstract,Single,,,,Cotton,,Madagascar,,,,Polyester,
168,max,Men Grey Melange Striped Round Neck T-shirt,Rs. 599,,Regular,Slim Fit,,,,,,,12642900,,Polyester,New Basics,Single,Round Neck,Casual,Striped,,,,,,,,
169,Maniac,Men White Striped Scoop Neck T-shirt,Rs. 296,,Regular,Slim Fit,,,,,,,9200817,,Cotton,New Basics,Single,Scoop Neck,Casual,Striped,,,,,,,,
170,ether,ETHER Men Pink Solid Round Neck T-shirt,Rs. 299,,Regular,Regular Fit,,,,,,,11432196,,Cotton,New Basics,Single,Round Neck,,,Polyester,1,,,,,,
171,H&amp;M,Men White Solid 2-Pack Vest Tops Regular Fit,Rs. 799,,Regular,Regular Fit,,,,,,,12696206,,Cotton,New Basics,2,Round Neck,Casual,,Elastane,,,,,,,
172,Bewakoof,Men Black Printed Round Neck T-shirt,Rs. 329,,Regular,Regular Fit,,,,,,,12339226,,Cotton,Typography or Slogan Prints,Single,Round Neck,Casual,Printed,,,,,,,,
173,HRX by Hrithik Roshan,Men Blue Solid Round Neck Active T-shirt,Rs. 449,,Regular,Regular Fit,,,,,,,1709437,,Polyester,New Basics,Single,Round Neck,Sports,Solid,,,,,,,,
174,Sztori,Plus Size Men Navy Blue Solid Round Neck T-shirt,Rs. 359,,Regular,Regular Fit,,,,,,,11008394,,Cotton,Nautical,Single,Round Neck,Casual,Solid,,,,,,,,
175,max,Men White Batman Printed Round Neck T-shirt,Rs. 599,,Regular,Slim Fit,,,,,,,12624946,,Cotton,Placement Print,Single,Round Neck,Casual,,,,Batman,,,,,
176,Nautica,Men White Solid Polo Collar T-shirt,Rs. 1649,,Regular,Regular Fit,,,Button,,,,10772402,,Cotton,New Basics,Single,Polo Collar,Casual,,,,,,,,,
177,max,Men Black Batman Print Round Neck T-shirt,Rs. 599,,Regular,Slim Fit,,,,,,,12625188,,Cotton,Graphic Print Others,Single,Round Neck,Casual,,Elastane,,,,,,,
178,Mast &amp; Harbour,Men Mustard Yellow &amp; Black Printed Round Neck T-shirt,Rs. 449,,Regular,Regular Fit,,,,,,,12312530,,Cotton,Typography or Slogan Prints,Single,Round Neck,Casual,Printed,,,,,,,,
179,HRX by Hrithik Roshan,Men Winter Moss Printed Organic Yoga Tshirts,Rs. 1044,,Regular,Regular Fit,,,,,,,11640374,,Cotton,Geometric Print,Single,Round Neck,Sports,Printed,,,,,,,,
180,Classic Polo,Men Grey And Purple Striped Polo Collar T-shirt,Rs. 959,,Regular,Slim Fit,,,Button,,,,12462920,,Cotton,Multi or Variegated Stripes,Single,Polo Collar,Casual,,,,,,,,,
181,Roadster,Men Maroon &amp; Navy Blue Striped Polo Collar T-shirt,Rs. 599,,Regular,Regular Fit,,,Button,,,,9972813,,Cotton,New Basics,Single,Polo Collar,Casual,,,,,,,,,
182,Louis Philippe Sport,Men Black Solid Polo Collar T-shirt,Rs. 699,,Regular,Regular Fit,,,Button,,,,12390262,,Cotton,New Basics,Single,Polo Collar,,,Polyester,,,,,,,
183,Roadster,Men Charcoal Solid Round Neck T-shirt,Rs. 419,,Regular,Regular Fit,,,,,,,2275374,,Cotton,New Basics,Single,Round Neck,Casual,,Polyester,,,,,,,
184,HRX by Hrithik Roshan,Men Grey Printed Rapid Dry N9 Antimicrobial Running T-shirt,Rs. 499,,Regular,Regular Fit,,,,,,,11640406,,Polyester,Typography or Slogan Prints,Single,Round Neck,Sports,Printed,,,,,,,,
185,PUNK,Men Black Printed Round Neck T-shirt,Rs. 999,,Regular,Regular Fit,,,,,,,12820830,,Cotton,Graphic Print Others,Single,Round Neck,Casual,Printed,,,,,,,,
186,ether,Unisex Black &amp; White Striped Round Neck T-shirt,Rs. 329,,Regular,Regular Fit,,,,,,,2199704,,Cotton,Monochrome,Single,Round Neck,Casual,Striped,,,,,,,,
187,Kook N Keech,Men Pink Solid Round Neck T-shirt,Rs. 349,,Regular,Regular Fit,,,,,,,2388085,,Cotton,Typography or Slogan Prints,Single,Round Neck,Casual,Solid,,,,,,,,
188,Tommy Hilfiger,Men Blue Printed Round Neck T-shirt,Rs. 1299,,Regular,Regular Fit,,,,,,,12281608,,Cotton,Typography or Slogan Prints,Single,Round Neck,Casual,Printed,,,,,,,,
189,max,Men Blue Solid Polo Collar T-shirt,Rs. 899,,Regular,Regular Fit,,,,,,,12642934,,Cotton,New Basics,Single,Polo Collar,Casual,Solid,,,,,,,,
190,WROGN,Men White Slim Fit Solid Round Neck T-shirt with Printed Detail,Rs. 549,,Regular,Slim Fit,,,,,,,12329160,,Cotton,New Basics,Single,Round Neck,Casual,Solid,,,,,,,,
191,max,Men White Printed Round Neck T-shirt,Rs. 499,,Regular,Slim Fit,,,,,,,12642898,,Cotton,Typography or Slogan Prints,Single,Round Neck,Casual,,Elastane,,,,,,,
192,HERE&amp;NOW,Men Black &amp; Green Printed Round Neck T-shirt,Rs. 349,,Regular,Regular Fit,,,,,,,11748046,,Cotton,Typography or Slogan Prints,Single,Round Neck,Casual,Printed,,,,,,,,
193,Roadster,Men Black &amp; Grey Striped Polo Collar T-shirt,Rs. 479,,Regular,Regular Fit,,,Button,,,,12205844,,Cotton,New Basics,Single,Polo Collar,Casual,,,,,,,,,
194,Levis,Men White &amp; Grey Colourblocked Polo Collar T-shirt,Rs. 1999,,Regular,Regular Fit,,,,,,,11165302,,Cotton,Colourblocked,Single,Polo Collar,Casual,Colourblocked,,,,,,,,
195,HRX by Hrithik Roshan,Men Green Melange Printed Organic Yoga Tshirts,Rs. 1044,,Regular,Regular Fit,,,,,,,11640250,,Cotton,Typography or Slogan Prints,Single,Round Neck,Sports,Printed,,,,,,,,
196,Tommy Hilfiger,Men Pink Solid Round Neck Organic Cotton T-shirt,Rs. 1169,,Regular,Regular Fit,,,,,,,12281666,,Cotton,New Basics,Single,Round Neck,Casual,Solid,,,,,,,,
197,Bushirt,Men Black Solid Round Neck T-shirt,Rs. 237,,Regular,Regular Fit,,,,,,,11616684,,Cotton,New Basics,Single,Round Neck,Sports,Solid,,,,,,,,
198,H&amp;M,Men Green Solid Long Sustainable T-shirt,Rs. 699,,,,,,,,,,10360683,,Cotton,,,Round Neck,,Solid,,,,Short Sleeves,Regular,Machine Wash,,Sustainable
199,Maniac,Men Charcoal Grey Printed Round Neck Slim Fit T-shirt,Rs. 299,,Regular,Slim Fit,,,,,,,2493657,,Cotton,Graphic Print Others,Single,Round Neck,Casual,Printed,,,,,,,,
200,H&amp;M,Men Green Solid Long Sustainable T-shirt,Rs. 699,,,,,,,,,,10360683,,Cotton,,,Round Neck,,Solid,,,,Short Sleeves,Regular,Machine Wash,,Sustainable
201,U.S. Polo Assn.,Men Blue Solid Polo Collar T-shirt,Rs. 839,,Regular,Regular Fit,,,,,,,7215908,,Cotton,New Basics,Single,Polo Collar,Casual,Solid,,,,,,,,
202,Difference of Opinion,Men Navy Blue Printed Round Neck T-shirt,Rs. 499,,Regular,Regular Fit,,,,,,,10005969,,Cotton,Typography or Slogan Prints,Single,Round Neck,Casual,Printed,,,,,,,,
203,Difference of Opinion,Men Red &amp; Grey Colourblocked Round Neck T-shirt,Rs. 439,,Regular,Regular Fit,,,,,,,7337387,,Cotton,Colourblocked,Single,Round Neck,Casual,Colourblocked,,,,,,,,
204,HRX by Hrithik Roshan,Men Teal Blue Printed Round Neck Active T-shirt,Rs. 449,,Regular,Regular Fit,,,,,,,1700757,,Cotton,Typography or Slogan Prints,Single,Round Neck,Casual,,Elastane,,,,,,,
205,max,Men Yellow Dyed Round Neck T-shirt,Rs. 449,,Regular,Regular Fit,,,,,,,12624926,,Cotton,Pocket Detailing,Single,Round Neck,Casual,Dyed,,,,,,,,
206,Calvin Klein Jeans,Men Grey Melange Slim Fit T-shirt With Brand Logo Print Detail,Rs. 1649,,Regular,Slim Fit,,,,,,,12243798,,Cotton,Typography or Slogan Prints,Single,Round Neck,Casual,Solid,,,,,,,,
207,max,Men Black Printed Round Neck T-shirt,Rs. 499,,Regular,Regular Fit,,,,,,,12642928,,Polyester,Typography or Slogan Prints,Single,Round Neck,Casual,,Elastane,,,,,,,
208,max,Men Black Solid Polo Collar T-shirt,Rs. 499,,Regular,Regular Fit,,,,,,,12779160,,Polyester,New Basics,Single,Polo Collar,Casual,Solid,,,,,,,,
209,Roadster,Men Black &amp; Grey Melaneg Striped Round Neck T-shirt,Rs. 499,,Regular,Regular Fit,,,,,,,11545426,,Cotton,New Basics,Single,Round Neck,Casual,Striped,,,,,,,,
210,U.S. Polo Assn.,Grey Solid Lounge T-Shirt,Rs. 374,,,,,,,,,,2465187,,Cotton,,,V-Neck,,Solid,,,,Short Sleeves,Regular,Machine Wash,,
211,ether,Men Maroon &amp; Navy Blue Striped Polo Collar T-shirt,Rs. 479,,Regular,Regular Fit,,,Button,,,,11752132,,Cotton,New Basics,Single,Polo Collar,Casual,,,,,,,,,
212,Roadster,Men Pack of 2 Solid Polo Collar T-Shirts,Rs. 659,,Regular,Regular Fit,,,,,,,12003882,,Cotton,Nautical,2,Polo Collar,Casual,,Polyester,,,,,,,
213,Levis,Men Navy Blue Solid Slim Fit Polo Collar T-shirt,Rs. 989,,Regular,Slim Fit,,,,,,,9909275,,Cotton,Nautical,Single,Polo Collar,Casual,Solid,,,,,,,,
214,Bewakoof,Men Black Printed Round Neck T-shirt,Rs. 329,,Regular,Regular Fit,,,,,,,12339226,,Cotton,Typography or Slogan Prints,Single,Round Neck,Casual,Printed,,,,,,,,
215,Bushirt,Men Khaki Solid Henley Neck T-shirt,Rs. 299,,Regular,Regular Fit,,,,,,,12659444,,Cotton,New Basics,Single,Henley Neck,Casual,Solid,,,,,,,,
216,H&amp;M,Men White Solid Round-Neck T-Shirt Slim Fit,Rs. 699,,,,,,,,,,11468750,,Cotton,,,Round Neck,,Solid,,,,Short Sleeves,Regular,Machine Wash,,
217,U.S. Polo Assn. Denim Co.,Men Maroon Solid Polo Collar T-shirt,Rs. 979,,Regular,Regular Fit,,,,,,,10828972,,Cotton,New Basics,Single,Polo Collar,Casual,Solid,,,,,,,,
218,Mast &amp; Harbour,Men Blue Solid Henley T-shirt,Rs. 699,,Regular,Regular Fit,,,,,,,1453506,,Cotton,New Basics,Single,Henley Neck,Casual,Solid,,,,,,,,
219,Roadster,Men Grey Melange &amp; White Striped Round Neck T-shirt,Rs. 399,,Regular,Regular Fit,,,,,,,11544752,,Cotton,New Basics,Single,Round Neck,Casual,,Viscose Rayon,,,,,,,
220,max,Men Blue Striped Round Neck T-shirt,Rs. 699,,Regular,Regular Fit,,,,,,,12779234,,Polyester,Abstract,Single,Round Neck,Casual,Striped,,,,,,,,
221,Maniac,Men Navy Blue &amp; Off-White Printed Round Neck T-shirt,Rs. 297,,Regular,Slim Fit,,,,,,,9718639,,Cotton,Multi or Variegated Stripes,Single,Round Neck,Sports,Striped,,,,,,,,
222,Classic Polo,Men Grey And Purple Striped Polo Collar T-shirt,Rs. 959,,Regular,Slim Fit,,,Button,,,,12462920,,Cotton,Multi or Variegated Stripes,Single,Polo Collar,Casual,,,,,,,,,
223,HRX by Hrithik Roshan,Ultralyte Men Yellow Running Regular Fit Tshirt,Rs. 549,,Regular,Regular Fit,,,,,,,10167995,,Polyester,New Basics,Single,Round Neck,Sports,Solid,,,,,,,,
224,Nautica,Men Red Solid Polo Collar T-shirt,Rs. 2599,,Regular,Regular Fit,,,Button,,,,11487350,,Cotton,New Basics,Single,Polo Collar,Casual,,,,,,,,,
225,RARE RABBIT,Men White &amp; Orange Colourblocked Round Neck T-shirt,Rs. 1499,,Regular,Regular Fit,,,,,,,12721342,,Cotton,Colourblocked,Single,Round Neck,Casual,Colourblocked,,,,,,,,
226,Levis,Men Black Graphic Printed Round Neck T-shirt,Rs. 1299,,Regular,Regular Fit,,,,,,,11165474,,Cotton,Graphic Print Others,Single,Round Neck,Casual,Printed,,,,,,,,
227,Roadster,Men Blue Placement Printed Round Neck T-shirt,Rs. 279,,Regular,Regular Fit,,,,,,,12251274,,Cotton,Typography or Slogan Prints,Single,Round Neck,Casual,Printed,,,,,,,,
228,UNDER ARMOUR,Men White &amp; Black Challenger III Solid Training T-Shirt,Rs. 2249,,Regular,Regular Fit,,,,,,,11410026,,Polyester,Monochrome,Single,Round Neck,Sports,Solid,,,,,,,,
229,RARE RABBIT,Men Mustard Yellow Solid Polo Collar T-shirt,Rs. 2499,,Regular,Regular Fit,,,Button,,,,12721320,,Cotton,New Basics,Single,Polo Collar,Casual,,,,,,,,,
230,Tommy Hilfiger,Men Blue Printed Round Neck T-shirt,Rs. 1299,,Regular,Regular Fit,,,,,,,12281608,,Cotton,Typography or Slogan Prints,Single,Round Neck,Casual,Printed,,,,,,,,
231,Roadster,Men Grey Solid Round Neck T-shirt with Applique,Rs. 279,,Regular,Regular Fit,,,,,,,12251268,,Cotton,New Basics,Single,Round Neck,Casual,Solid,,,,,,,,
232,max,Men White Printed Round Neck T-shirt,Rs. 499,,Regular,Slim Fit,,,,,,,12624836,,Cotton,Graphic Print Others,Single,Round Neck,Casual,Printed,,,,,,,,
233,Huetrap,Superman Men Black Printed Superman Round Neck T-shirt,Rs. 449,,Regular,Regular Fit,,,,,,,11548544,,Cotton,Graphic Print Others,Single,Round Neck,Casual,,,,Superman,,,,,
234,Red Tape,Men White Solid Henley Neck T-shirt,Rs. 482,,Regular,Regular Fit,,,,,,,10510824,,Cotton,New Basics,Single,Henley Neck,Casual,Solid,,,,,,,,
235,Roadster,Men Navy Blue Graphic Printed Round Neck T-shirt,Rs. 299,,Regular,Regular Fit,,,,,,,10938526,,Cotton,New Basics,Single,Round Neck,Casual,Printed,,,,,,,,
236,Allen Solly Sport,Men Pink Striped Polo Collar T-shirt,Rs. 599,,Regular,Regular Fit,,,,,,,11042226,,Cotton,New Basics,Single,Polo Collar,Casual,,Polyester,,,,,,,
237,Calvin Klein Jeans,Men Black Solid Round Neck T-shirt,Rs. 2699,,Regular,Regular Fit,,,,,,,11370650,,Cotton,Typography or Slogan Prints,Single,Round Neck,Casual,Solid,,,,,,,,
238,Tommy Hilfiger,Men Pink Solid Round Neck Organic Cotton T-shirt,Rs. 1169,,Regular,Regular Fit,,,,,,,12281666,,Cotton,New Basics,Single,Round Neck,Casual,Solid,,,,,,,,
239,ether,Men Navy Blue Colorblocked Oxford Polo T-shirt,Rs. 399,,Regular,Regular Fit,,,,,,,1002096,,Cotton,New Basics,Single,Polo Collar,Casual,Solid,,,,,,,,
240,Moda Rapido,Men White &amp; Black Printed Round Neck T-shirt,Rs. 349,,Regular,Regular Fit,,,,,,,10266487,,Cotton,Placement Print,Single,Round Neck,Casual,Printed,,,,,,,,
241,Allen Solly,Men Blue Solid Polo Collar T-shirt,Rs. 599,,Regular,Regular Fit,,,,,,,7812519,,Cotton,New Basics,Single,Polo Collar,Casual,,Polyester,,,,,,,
242,Maniac,Men Blue &amp; Teal Green Colourblocked Round Neck T-shirt,Rs. 419,,Regular,Slim Fit,,,,,,,11226634,,Polyester,Colourblocked,Single,Round Neck,Sports,Colourblocked,,,,,,,,
243,max,Men Lime Green Solid Round Neck T-shirt,Rs. 349,,Regular,Regular Fit,,,,,,,12779230,,Polyester,New Basics,Single,Round Neck,Casual,Solid,,,,,,,,
244,Jack &amp; Jones,Men Green Slim Fit Printed Round Neck T-shirt,Rs. 439,,Regular,Slim Fit,,,,,,,11207114,,Cotton,Graphic Print Others,Single,Round Neck,Casual,Printed,,,,,,,,
245,HRX by Hrithik Roshan,Hrx By Hrithik Roshan Men Anthra Melange Solid Rapid Dry Seamless Yoga T-shirt,Rs. 809,,Regular,Regular Fit,,,,,,,11567358,,Polyester,New Basics,Single,Round Neck,,,Polyester,,,,,,Elastane,
246,Calvin Klein Jeans,Men Black Printed Slim Fit Round Neck T-shirt,Rs. 1619,,Regular,Slim Fit,,,,,,,11370628,,Cotton,Graphic Print Others,Single,Round Neck,Casual,,Elastane,,,,,,,
247,ether,Unisex White Printed Stripe Round Neck T-shirt,Rs. 329,,Regular,Regular Fit,,,,,,,2199703,,Cotton,Monochrome,Single,Round Neck,Casual,Striped,,,,,,,,
248,H&amp;M,Men Black Solid Long Sustainable T-shirt,Rs. 699,,,,,,,,,,10359989,,Cotton,,,Round Neck,,Solid,,,,Short Sleeves,Regular,Machine Wash,,Sustainable
