,title,name,price,Waist Rise,Length,Fit,Brand Fit Name,Print or Pattern Type,Closure,Type of Pleat,Weave Type,Fly Type,productId,Distress,Fade,Shade,Stretch,Waistband,Type of Distress
0,Tokyo Talkies,Women Blue Super Skinny Fit High-Rise Clean Look Jeans,Rs. 664,High-Rise,Regular,Super Skinny Fit,,,,,,,7782711,Clean Look,Light Fade,Medium,Stretchable,With belt loops,
1,Roadster,Women Black Skinny Fit Mid-Rise Clean Look Stretchable Jeans,Rs. 674,Mid-Rise,Regular,Skinny Fit,,,,,,,4451395,Clean Look,No Fade,Dark,Stretchable,With belt loops,
2,max,Women Blue Slim Fit Mid-Rise Clean Look Stretchable Jeans,Rs. 999,Mid-Rise,Regular,Slim Fit,,,,,,,12705144,Clean Look,Light Fade,Medium,Stretchable,With belt loops,
3,High Star,Women Black Slim Fit High-Rise Clean Look Stretchable Jeans,Rs. 781,High-Rise,Cropped,Slim Fit,,,,,,,7289168,Clean Look,No Fade,Dark,Stretchable,With belt loops,
4,Tokyo Talkies,Women Navy Blue Super Skinny Fit Mid-Rise Clean Look Stretchable Jeans,Rs. 569,Mid-Rise,Regular,Super Skinny Fit,,,,,,,8195011,Clean Look,No Fade,Dark,Non Stretchable,With belt loops,
5,Mast &amp; Harbour,Women Blue Skinny Fit Mid-Rise Low Distress Stretchable Cropped Jeans,Rs. 824,Mid-Rise,Cropped,Skinny Fit,,,,,,,7329814,Low Distress,Light Fade,Medium,,With belt loops,Cat Scratches
6,Roadster,Women Grey Skinny Fit Mid-Rise Clean Look Cropped Stretchable Jeans,Rs. 524,Mid-Rise,Cropped,Skinny Fit,,,,,,,11531502,Clean Look,No Fade,Dark,Stretchable,With belt loops,
7,Marks &amp; Spencer,Women Blue Boyfriend Fit Mid-Rise Mildly Distressed Stretchable Jeans,Rs. 3999,Mid-Rise,Regular,Boyfriend Fit,,,,,,,12378022,Mildly Distressed,Light Fade,Medium,,With belt loops,Ripped
8,Tokyo Talkies,Women Blue Super Skinny Fit Mid-Rise Clean Look Jeans,Rs. 569,Mid-Rise,Regular,Super Skinny Fit,,,Button and Zip,,,,7780975,Clean Look,Light Fade,Medium,Non Stretchable,,
9,Scotch &amp; Soda,Women Blue Boyfriend Fit Mid-Rise Clean Look Stretchable Jeans,Rs. 7794,Mid-Rise,Regular,Boyfriend Fit,,,,,,,8581653,Clean Look,Heavy Fade,Medium,Stretchable,With belt loops,
10,Roadster,Women Blue Skinny Fit Mid-Rise Clean Look Stretchable Jeans,Rs. 769,Mid-Rise,Regular,Skinny Fit,,,,,,,1985417,Clean Look,Light Fade,Medium,Stretchable,With belt loops,
11,People,Women Black Skinny Fit High-Rise Clean Look Stretchable Cropped Jeans,Rs. 399,High-Rise,Cropped,Skinny Fit,,,,,,,7694173,Clean Look,No Fade,Dark,Stretchable,With belt loops,
12,Tokyo Talkies,Women White Super Skinny Fit Mid-Rise Clean Look Jeans,Rs. 664,Mid-Rise,Cropped,Super Skinny Fit,,,,,,,5617077,Clean Look,No Fade,Light,Stretchable,With belt loops,
13,max,Women Blue Skinny Fit Mid-Rise Clean Look Jeans,Rs. 999,Mid-Rise,Regular,Skinny Fit,,,,,,,12705168,Clean Look,Light Fade,Light,Non Stretchable,With belt loops,
14,Desigual,Women White Skinny Fit Mid-Rise Embroidered Clean Look Stretchable Jeans,Rs. 4434,Mid-Rise,Cropped,Skinny Fit,,,,,,,11877004,Clean Look,No Fade,Light,Stretchable,With belt loops,
15,Deal Jeans,Women Blue Slim Fit High-Rise Clean Look Cropped Stretchable Jeans,Rs. 1497,High-Rise,Regular,Slim Fit,,,,,,,2426928,Clean Look,Light Fade,Medium,Stretchable,With belt loops,
16,Roadster,Women White Regular Fit Mid-Rise Clean Look Stretchable Jeans,Rs. 639,Mid-Rise,Cropped,Regular Fit,,,,,,,11930878,Clean Look,No Fade,Light,Stretchable,With belt loops,
17,Tokyo Talkies,Women Grey Bootcut Mid-Rise Clean Look Stretchable Jeans,Rs. 569,Mid-Rise,Regular,Bootcut,,,,,,,9440755,Clean Look,No Fade,Medium,Stretchable,With belt loops,
18,Scotch &amp; Soda,Women Blue Skinny Fit High-Rise Clean Look Stretchable Jeans,Rs. 7194,High-Rise,Regular,Skinny Fit,,,,,,,8651703,Clean Look,Heavy Fade,Light,Stretchable,With belt loops,
19,H&amp;M,Women Black Super Skinny High Jeans,Rs. 1499,Mid-Rise,Regular,Skinny Fit,,,,,,,10457676,Clean Look,No Fade,Dark,Stretchable,With belt loops,
20,Purple Feather,Women Blue Skinny Fit High-Rise Clean Look Jeans,Rs. 819,High-Rise,Regular,Skinny Fit,,,,,,,6722273,Clean Look,Light Fade,Medium,Stretchable,With belt loops,
21,Metronaut,Women Blue Skinny Fit High-Rise Clean Look Stretchable Cropped Jeans,Rs. 639,High-Rise,Cropped,Skinny Fit,,,,,,,12151054,Clean Look,Light Fade,Dark,Stretchable,With belt loops,
22,Tokyo Talkies,Women Black Super Skinny Fit Mid-Rise Clean Look Stretchable Jeans,Rs. 664,Mid-Rise,Regular,Super Skinny Fit,,,,,,,9656681,Clean Look,No Fade,Dark,Stretchable,With belt loops,
23,Deal Jeans,Women Blue Slim Fit Mid-Rise Clean Look Cropped Stretchable Jeans,Rs. 1377,Mid-Rise,Regular,Slim Fit,,,,,,,2426938,Clean Look,Light Fade,Medium,Stretchable,With belt loops,
24,Levis,Women Blue 721 Skinny Fit High-Rise Clean Look Stretchable Jeans,Rs. 2309,High-Rise,Regular,Skinny Fit,,,,,,,11184506,Clean Look,Light Fade,Dark,Stretchable,With belt loops,
25,Scotch &amp; Soda,Women Blue Haut Skinny Fit High-Rise Mildly Distressed Stretchable Jeans,Rs. 7794,High-Rise,Regular,Skinny Fit,,,,,,,8960911,Mildly Distressed,Light Fade,Medium,,With belt loops,Ripped
26,MANGO,Women Black Flared High-Rise Clean Look Stretchable Jeans,Rs. 2513,High-Rise,Regular,Flared,,,,,,,12290038,Clean Look,No Fade,Dark,Stretchable,With belt loops,
27,Kraus Jeans,Women K5040 Black Super Skinny Fit High-Rise Clean Look Stretchable Cropped Jeans,Rs. 1346,High-Rise,Cropped,Super Skinny Fit,,,,,,,11653286,Clean Look,No Fade,Dark,Stretchable,With belt loops,
28,Roadster,Women Blue Skinny Fit Mid-Rise Clean Look Stretchable Jeans,Rs. 454,Mid-Rise,Cropped,Skinny Fit,,,,,,,10967572,Clean Look,Heavy Fade,Light,Stretchable,With belt loops,
29,SASSAFRAS,Women Blue Regular Fit Mid-Rise Clean Look Stretchable Jeans,Rs. 1099,Mid-Rise,Regular,Regular Fit,,,,,,,12221882,Clean Look,No Fade,Medium,Stretchable,Elasticated,
30,DOROTHY PERKINS,Women Navy Blue Alex Skinny Fit Mid-Rise Clean Look Stretchable Jeans,Rs. 2154,Mid-Rise,Regular,Skinny Fit,,,,,,,12666264,Clean Look,Light Fade,Medium,Stretchable,With belt loops,
31,Deal Jeans,Women Blue Skinny Fit Mid-Rise Clean Look Stretchable Jeans,Rs. 1377,Mid-Rise,Regular,Skinny Fit,,,,,,,2426934,Clean Look,Light Fade,Light,Stretchable,With belt loops,
32,Roadster,Women Blue Skinny Fit Mid-Rise Clean Look Stretchable Cropped Jeans,Rs. 479,Mid-Rise,Cropped,Skinny Fit,,,,,,,11226426,Clean Look,Heavy Fade,Medium,Stretchable,With belt loops,
33,max,Women Blue Slim Fit Mid-Rise Clean Look Stretchable Jeans,Rs. 1299,Mid-Rise,Cropped,Slim Fit,,,,,,,12705132,Clean Look,No Fade,Light,Stretchable,With belt loops,
34,Tokyo Talkies,Women Blue Super Skinny Fit Mid-Rise Clean Look Stretchable Jeans,Rs. 664,Mid-Rise,Cropped,Super Skinny Fit,,,,,,,8002223,Clean Look,Light Fade,Medium,Stretchable,With belt loops,
35,DOLCE CRUDO,Women Black Skinny Fit High-Rise Clean Look Stretchable Jeans,Rs. 939,High-Rise,Regular,Skinny Fit,,,,,,,10942732,Clean Look,No Fade,Dark,Stretchable,With belt loops,
36,High Star,Women Blue Slim Fit High-Rise Clean Look Stretchable Jeans,Rs. 782,High-Rise,Cropped,Slim Fit,,,,,,,7243714,Clean Look,Light Fade,Medium,Stretchable,With belt loops,
37,Roadster,Women Black Skinny Fit High-Rise Clean Look Stretchable Jeans,Rs. 719,High-Rise,Cropped,Skinny Fit,,,,,,,7139216,Clean Look,No Fade,Dark,Stretchable,With belt loops,
38,DOLCE CRUDO,Women Blue Skinny Fit High-Rise Clean Look Stretchable Jeans,Rs. 989,High-Rise,Regular,Skinny Fit,,,,,,,10667036,Clean Look,No Fade,Medium,Stretchable,With belt loops,
39,Deal Jeans,Women Blue Slim Fit High-Rise Clean Look Stretchable Jeans,Rs. 1497,High-Rise,Regular,Slim Fit,,,,,,,5420287,Clean Look,Light Fade,Light,Stretchable,With belt loops,
40,SASSAFRAS,Women Blue Regular Fit Mid-Rise Pleated Clean Look Stretchable Slouchy Jeans,Rs. 1099,Mid-Rise,Regular,Regular Fit,,,,,,,12222062,Clean Look,No Fade,Medium,Stretchable,With belt loops,
41,Miss Chase,Women Navy Blue Skinny Fit High-Rise Clean Look Jeans,Rs. 989,High-Rise,Cropped,Skinny Fit,,,,,,,10196237,Clean Look,No Fade,Dark,Stretchable,With belt loops,
42,max,Women Blue Skinny Fit Mid-Rise Mildly Distressed Jeans,Rs. 1299,Mid-Rise,Regular,Skinny Fit,,,,,,,12705184,Mildly Distressed,Light Fade,Medium,,With belt loops,Ripped
43,Scotch &amp; Soda,Women Blue La Bohemienne Skinny Fit Mid-Rise Clean Look Cropped Jeans,Rs. 7794,Mid-Rise,Cropped,Skinny Fit,,,,,,,8960913,Clean Look,Light Fade,Dark,Stretchable,With belt loops,
44,Roadster,Women Blue Skinny Fit Mid-Rise Clean Look Stretchable Cropped Jeans,Rs. 449,Mid-Rise,Cropped,Skinny Fit,,,,,,,10967550,Clean Look,Heavy Fade,Light,Stretchable,With belt loops,
45,Roadster,Women Blue Skinny Fit Mid-Rise Clean Look Stretchable Jeans,Rs. 719,Mid-Rise,Regular,Skinny Fit,,,,,,,11688498,Clean Look,Light Fade,Dark,Stretchable,With belt loops,
46,Roadster,Women Black Skinny Fit Mid-Rise Mildly Distressed Stretchable Crop Jeans,Rs. 629,Mid-Rise,Cropped,Skinny Fit,,,,,,,11226254,Mildly Distressed,Light Fade,Dark,,With belt loops,Ripped
47,Deal Jeans,Women Blue Skinny Fit Mid-Rise Clean Look Stretchable Jeans,Rs. 1377,Mid-Rise,Regular,Skinny Fit,,,,,,,5420361,Clean Look,Light Fade,Dark,Stretchable,With belt loops,
48,SASSAFRAS,Women Blue Straight Fit Mid-Rise Clean Look Cropped Acid wash Jeans,Rs. 664,Mid-Rise,Cropped,Straight Fit,,,,,,,10604514,Clean Look,Light Fade,Medium,Non Stretchable,Without belt loops,
49,HERE&amp;NOW,Women Black Bootcut Regular Fit Mid-Rise Clean Look Stretchable Jeans,Rs. 899,Mid-Rise,Regular,Bootcut,,,,,,,9045951,Clean Look,No Fade,Dark,Stretchable,With belt loops,
50,Tokyo Talkies,Women Black Super Skinny Fit Mid-Rise Clean Look Jeans,Rs. 542,Mid-Rise,Cropped,Super Skinny Fit,,,,,,,10641970,Clean Look,No Fade,Dark,Stretchable,With belt loops,
51,Roadster,Women Blue Skinny Fit High-Rise Clean Look Stretchable Jeans,Rs. 849,High-Rise,Regular,Skinny Fit,,,,,,,8810395,Clean Look,No Fade,Medium,Stretchable,With belt loops,
52,ONLY,Women Blue Piper Skinny Fit High-Rise Clean Look Stretchable Jeans,Rs. 1664,High-Rise,Regular,Skinny Fit,,,,,,,11492726,Clean Look,Light Fade,Dark,Stretchable,With belt loops,
53,High Star,Women Black Slim Fit High-Rise Clean Look Jeans,Rs. 779,High-Rise,Regular,Slim Fit,,,,,,,4446473,Clean Look,No Fade,Dark,Stretchable,With belt loops,
54,Roadster,Women Blue Skinny Fit Mid-Rise Clean Look Stretchable Jeans,Rs. 549,Mid-Rise,Regular,Skinny Fit,,,,,,,11581984,Clean Look,No Fade,Dark,Stretchable,With belt loops,
55,Tokyo Talkies,Women White Super Skinny Fit Mid-Rise Clean Look Stretchable Jeans,Rs. 664,Mid-Rise,Cropped,Super Skinny Fit,,,,,,,8195049,Clean Look,No Fade,Light,Stretchable,With belt loops,
56,max,Women Blue Skinny Fit Mid-Rise Mildly Distressed Jeans,Rs. 1299,Mid-Rise,Regular,Skinny Fit,,,,,,,12705184,Mildly Distressed,Light Fade,Medium,,With belt loops,Ripped
57,Marks &amp; Spencer,Women Blue Boyfriend Fit Mid-Rise Mildly Distressed Stretchable Jeans,Rs. 3999,Mid-Rise,Regular,Boyfriend Fit,,,,,,,12378022,Mildly Distressed,Light Fade,Medium,,With belt loops,Ripped
58,Scotch &amp; Soda,Women Blue Haut Skinny Fit High-Rise Mildly Distressed Stretchable Jeans,Rs. 7794,High-Rise,Regular,Skinny Fit,,,,,,,8960911,Mildly Distressed,Light Fade,Medium,,With belt loops,Ripped
59,ether,Women White Boyfriend Fit Stretchable Jeans,Rs. 764,Mid-Rise,Regular,Boyfriend Fit,,,,,,,1734522,Clean Look,No Fade,Light,Stretchable,With belt loops,
60,Roadster,Women Blue Skinny Fit Mid-Rise Clean Look Stretchable Side Striped Cropped Jeans,Rs. 664,Mid-Rise,Cropped,Skinny Fit,,,,,,,12564354,Clean Look,No Fade,Medium,Stretchable,With belt loops,
61,Roadster,Women Black Skinny Fit Mid-Rise Clean Look Stretchable Jeans,Rs. 479,Mid-Rise,Regular,Skinny Fit,,,,,,,11531506,Clean Look,Light Fade,Medium,Stretchable,With belt loops,
62,DOROTHY PERKINS,Women Navy Blue Alex Skinny Fit Mid-Rise Clean Look Stretchable Jeans,Rs. 2154,Mid-Rise,Regular,Skinny Fit,,,,,,,12666264,Clean Look,Light Fade,Medium,Stretchable,With belt loops,
63,MANGO,Women Blue Skinny Fit Mid-Rise Clean Look Stretchable Cropped Sustainable Jeans,Rs. 1673,Mid-Rise,Cropped,Skinny Fit,,,,,,,11175390,Clean Look,No Fade,Light,Stretchable,With belt loops,
64,Roadster,Women Blue Skinny Fit Mid-Rise Clean Look Stretchable Cropped Jeans,Rs. 449,Mid-Rise,Regular,Skinny Fit,,,,,,,10967644,Clean Look,Heavy Fade,Light,Stretchable,With belt loops,
65,Deal Jeans,Women Blue Slim Fit High-Rise Clean Look Cropped Stretchable Jeans,Rs. 1497,High-Rise,Regular,Slim Fit,,,,,,,2426928,Clean Look,Light Fade,Medium,Stretchable,With belt loops,
66,Chemistry,Women Black Mid-Rise Clean Look Stretchable Jeans,Rs. 849,Mid-Rise,Regular,Regular Fit,,,,,,,2139857,Clean Look,No Fade,Dark,Stretchable,With belt loops,
67,ONLY,Women White Skinny Fit Mid-Rise Clean Look Stretchable Jeans,Rs. 1035,Mid-Rise,Regular,Skinny Fit,,,,,,,11523790,Clean Look,No Fade,Light,Stretchable,With belt loops,
68,High Star,Women Blue &amp; Blue Slim Fit High-Rise Clean Look Jeans,Rs. 791,High-Rise,Regular,Slim Fit,,,,,,,10343543,Clean Look,Heavy Fade,Medium,Stretchable,With belt loops,
69,Roadster,Women Blue Skinny Fit High-Rise Clean Look Stretchable Cropped Jeans,Rs. 604,High-Rise,Cropped,Skinny Fit,,,,,,,11541522,Clean Look,Heavy Fade,Medium,Stretchable,With belt loops,
70,SASSAFRAS,Women Lavender Relaxed Fit Mid-Rise Clean Look Pleated Jeans,Rs. 989,Mid-Rise,Regular,Relaxed Fit,,,,,,,12221950,Clean Look,No Fade,Coloured,Stretchable,With belt loops,
71,Roadster,Women Blue Skinny Fit Mid-Rise Clean Look Stretchable Jeans,Rs. 719,Mid-Rise,Regular,Skinny Fit,,,,,,,11688534,Clean Look,Light Fade,Dark,Stretchable,With belt loops,
72,High Star,Women White Slim Fit High-Rise Clean Look Stretchable Jeans,Rs. 804,High-Rise,Cropped,Slim Fit,,,,,,,8134313,Clean Look,No Fade,Light,Stretchable,With belt loops,
73,Deal Jeans,Women Blue Slim Fit Mid-Rise Clean Look Cropped Stretchable Jeans,Rs. 1377,Mid-Rise,Regular,Slim Fit,,,,,,,2426938,Clean Look,Light Fade,Medium,Stretchable,With belt loops,
74,Roadster,Women Blue Skinny Fit Mid-Rise Clean Look Stretchable Jeans,Rs. 449,Mid-Rise,Regular,Skinny Fit,,,,,,,10967466,Clean Look,Heavy Fade,Light,Stretchable,With belt loops,
75,Scotch &amp; Soda,Women Blue La Bohemienne Skinny Fit Mid-Rise Clean Look Cropped Jeans,Rs. 7794,Mid-Rise,Cropped,Skinny Fit,,,,,,,8960913,Clean Look,Light Fade,Dark,Stretchable,With belt loops,
76,Levis,Women Blue 711 Skinny Fit Mid-Rise Clean Look Stretchable Cropped Jeans,Rs. 2639,Mid-Rise,Cropped,Skinny Fit,,,,,,,11184446,Clean Look,Light Fade,Light,Stretchable,With belt loops,
77,Roadster,Women Black Slim Fit Mid-Rise Clean Look Stretchable Jeans,Rs. 524,Mid-Rise,Regular,Slim Fit,,,,,,,2359986,Clean Look,No Fade,Dark,Stretchable,With belt loops,
78,Roadster,Women Blue Skinny Fit High-Rise Clean Look Stretchable Cropped Jeans,Rs. 604,High-Rise,Cropped,Skinny Fit,,,,,,,11541548,Clean Look,Light Fade,Dark,Stretchable,With belt loops,
79,Levis,Women Blue 715 Bootcut Fit Mid-Rise Clean Look Stretchable Jeans,Rs. 1799,Mid-Rise,Regular,Bootcut,,,,,,,11184372,Clean Look,Light Fade,Medium,Stretchable,With belt loops,
80,Miss Chase,Women Black Skinny Fit High-Rise Clean Look Jeans,Rs. 919,High-Rise,Cropped,Skinny Fit,,,,,,,10075727,Clean Look,No Fade,Dark,Stretchable,With belt loops,
81,Deal Jeans,Women Blue Skinny Fit Mid-Rise Clean Look Stretchable Jeans,Rs. 1377,Mid-Rise,Regular,Skinny Fit,,,,,,,2426934,Clean Look,Light Fade,Light,Stretchable,With belt loops,
82,Roadster,Women Blue Skinny Fit Mid-Rise Clean Look Stretchable Cropped Jeans,Rs. 659,Mid-Rise,Cropped,Skinny Fit,,,,,,,11541578,Clean Look,Heavy Fade,Light,Stretchable,With belt loops,
83,Kraus Jeans,Women Black Mid-Rise Skinny Fit K3006 Jeans,Rs. 777,Mid-Rise,Regular,Skinny Fit,,,,,,,1062655,Clean Look,No Fade,Dark,Stretchable,With belt loops,
84,MANGO,Women Black Skinny Fit Mid-Rise Clean Look Stretchable Cropped Sustainable Jeans,Rs. 1673,Mid-Rise,Cropped,Skinny Fit,,,,,,,11175638,Clean Look,No Fade,Dark,Stretchable,With belt loops,
85,GAS,Women Blue Sheyla Skinny Fit Mid-Rise Low Distress Stretchable Jeans,Rs. 3145,Mid-Rise,Regular,Skinny Fit,,,,,,,9259493,Low Distress,Light Fade,Light,,With belt loops,Cat Scratches
86,Mast &amp; Harbour,Women Blue Skinny Fit High-Rise Clean Look Stretchable Cropped Jeans,Rs. 1189,High-Rise,Cropped,Skinny Fit,,,,,,,11607072,Clean Look,Light Fade,Dark,Stretchable,With belt loops,
87,Mast &amp; Harbour,Women Navy Blue Skinny Fit Mid-Rise Clean Look Jeans,Rs. 449,Mid-Rise,Regular,Skinny Fit,,,,,,,11255824,Clean Look,No Fade,Dark,Stretchable,With belt loops,
88,HERE&amp;NOW,Women Blue Skinny Fit High-Rise Clean Look Stretchable Cropped Jeans,Rs. 639,High-Rise,Cropped,Skinny Fit,,,,,,,12545668,Clean Look,No Fade,Medium,Stretchable,With belt loops,
89,Deal Jeans,Women Blue Slim Fit High-Rise Clean Look Stretchable Jeans,Rs. 1497,High-Rise,Regular,Slim Fit,,,,,,,5420287,Clean Look,Light Fade,Light,Stretchable,With belt loops,
90,DOLCE CRUDO,Women Blue Skinny Fit High-Rise Clean Look Stretchable Jeans,Rs. 979,High-Rise,Regular,Skinny Fit,,,,,,,11656304,Clean Look,No Fade,Medium,Stretchable,With belt loops,
91,GAS,Women Blue Star Skinny Fit Mid-Rise Clean Look Stretchable Jeans,Rs. 3145,Mid-Rise,Regular,Skinny Fit,,,,,,,9259507,Clean Look,Heavy Fade,Light,Stretchable,With belt loops,
92,Purple Feather,Women Blue Skinny Fit High-Rise Clean Look Stretchable Jeans,Rs. 778,High-Rise,Regular,Skinny Fit,,,,,,,9051329,Clean Look,No Fade,Dark,Stretchable,With belt loops,
93,max,Women Black Slim Fit Mid-Rise Clean Look Stretchable Jeans,Rs. 1299,Mid-Rise,Regular,Slim Fit,,,,,,,12705092,Clean Look,No Fade,Dark,Stretchable,With belt loops,
94,Levis,Women Blue Skinny Fit Mid-Rise Clean Look Stretchable Jeans 711,Rs. 2309,Mid-Rise,Regular,Skinny Fit,,,,,,,9905443,Clean Look,Light Fade,Medium,Stretchable,With belt loops,
95,Levis,Women Blue 721 Skinny Fit High-Rise Clean Look Stretchable Jeans,Rs. 2879,High-Rise,Regular,Skinny Fit,,,,,,,11184682,Clean Look,Light Fade,Dark,Stretchable,With belt loops,
96,Tokyo Talkies,Women Blue Super Skinny Fit Mid-Rise Clean Look Stretchable Jeans,Rs. 664,Mid-Rise,Regular,Super Skinny Fit,,,,,,,8083191,Clean Look,Light Fade,Medium,Stretchable,With belt loops,
97,Deal Jeans,Women Blue Skinny Fit Mid-Rise Clean Look Stretchable Jeans,Rs. 1377,Mid-Rise,Regular,Skinny Fit,,,,,,,5420361,Clean Look,Light Fade,Dark,Stretchable,With belt loops,
98,High Star,Women White Slim Fit Mid-Rise Clean Look Stretchable Jeans,Rs. 781,Mid-Rise,Cropped,Slim Fit,,,,,,,7289178,Clean Look,No Fade,Light,Stretchable,With belt loops,
99,Tokyo Talkies,Women Blue Slim Fit High-Rise Clean Look Stretchable Jeans,Rs. 647,High-Rise,Cropped,Slim Fit,,,,,,,12261676,Clean Look,Heavy Fade,Medium,Stretchable,With belt loops,
100,High Star,Women Grey Slim Fit High-Rise Clean Look Stretchable Jeans,Rs. 804,High-Rise,Regular,Slim Fit,,,,,,,9043345,Clean Look,No Fade,Medium,Stretchable,With belt loops,
101,max,Women Black Skinny Fit Mid-Rise Clean Look Stretchable Jeans,Rs. 1299,Mid-Rise,Cropped,Skinny Fit,,,,,,,12705170,Clean Look,No Fade,Dark,Stretchable,With belt loops,
102,Desigual,Women Black Skinny Fit Low-Rise Clean Look Stretchable Jeans,Rs. 2876,Low-Rise,Cropped,Skinny Fit,,,,,,,10985680,Clean Look,No Fade,Dark,Stretchable,With belt loops,
103,HERE&amp;NOW,Women Black Skinny Fit High-Rise Clean Look Stretchable Cropped Jeans,Rs. 799,High-Rise,Cropped,Skinny Fit,,,,,,,8806293,Clean Look,No Fade,Dark,Stretchable,With belt loops,
104,ether,Women Blue Skinny Fit Mid-Rise Clean Look Stretchable Jeans,Rs. 519,Mid-Rise,Regular,Skinny Fit,,,,,,,2169960,Clean Look,Light Fade,Light,Stretchable,With belt loops,
105,Levis,Women Blue 710 Super Skinny Fit Mid-Rise Clean Look Stretchable Jeans,Rs. 2639,Mid-Rise,Regular,Super Skinny Fit,,,,,,,11184670,Clean Look,Light Fade,Medium,Stretchable,With belt loops,
106,ONLY,Women Blue Relaxed Fit High-Rise Clean Look Jeans,Rs. 3199,High-Rise,Regular,Relaxed Fit,,,,,,,11492694,Clean Look,Light Fade,Light,Non Stretchable,With belt loops,
107,Marks &amp; Spencer,Women Blue Boyfriend Fit Mid-Rise Mildly Distressed Stretchable Jeans,Rs. 3999,Mid-Rise,Regular,Boyfriend Fit,,,,,,,12378022,Mildly Distressed,Light Fade,Medium,,With belt loops,Ripped
108,Provogue,Women Blue Skinny Fit Mid-Rise Clean Look Stretchable Crop Jeans,Rs. 819,Mid-Rise,Cropped,Skinny Fit,,,,,,,12123518,Clean Look,Heavy Fade,Light,Stretchable,With belt loops,
109,ether,Women Black Skinny Fit Mid-Rise Slash Knee Stretchable Jeans,Rs. 699,Mid-Rise,Regular,Skinny Fit,,,,,,,2234281,Slash Knee,No Fade,Dark,,With belt loops,Ripped
110,Roadster,Women Blue Skinny Fit Mid-Rise Clean Look Stretchable Jeans,Rs. 509,Mid-Rise,Regular,Skinny Fit,,,,,,,11226184,Clean Look,Heavy Fade,Light,Stretchable,With belt loops,
111,DOROTHY PERKINS,Women Navy Blue Regular Fit Mid-Rise Clean Look Stretchable Jeans,Rs. 1163,Mid-Rise,Regular,Regular Fit,,,Button and Zip,,,,12026006,Clean Look,No Fade,Dark,Stretchable,,
112,Vero Moda,Women Blue Bootcut Mid-Rise Low Distress Stretchable Jeans,Rs. 1249,Mid-Rise,Regular,Bootcut,,,,,,,11742284,Clean Look,Light Fade,Light,,With belt loops,Cat Scratches
113,ONLY,Women Blue Carmen Skinny Fit Mid-Rise Stretchable Clean Look Jeans,Rs. 1199,Mid-Rise,Regular,Skinny Fit,,,,,,,11523788,Clean Look,Light Fade,Light,Stretchable,With belt loops,
114,Roadster,Women Grey Skinny Fit Mid-Rise Clean Look Stretchable Jeans with Side Stripe,Rs. 594,Mid-Rise,Regular,Skinny Fit,,,,,,,11118556,Clean Look,Light Fade,Medium,Stretchable,With belt loops,
115,Deal Jeans,Women Blue Slim Fit High-Rise Clean Look Cropped Stretchable Jeans,Rs. 1497,High-Rise,Regular,Slim Fit,,,,,,,2426928,Clean Look,Light Fade,Medium,Stretchable,With belt loops,
116,Purple Feather,Women Navy Blue Skinny Fit High-Rise Clean Look Jeans,Rs. 819,High-Rise,Regular,Skinny Fit,,,,,,,6722276,Clean Look,Light Fade,Dark,Stretchable,With belt loops,
117,GAS,Women Navy Blue Skinny Fit Mid-Rise Clean Look Stretchable Jeans,Rs. 5593,Mid-Rise,Regular,Skinny Fit,,,,,,,10002017,Clean Look,No Fade,Dark,Stretchable,With belt loops,
118,Purple Feather,Women Blue Skinny Fit High-Rise Clean Look Jeans,Rs. 759,High-Rise,Cropped,Skinny Fit,,,,,,,11262404,Clean Look,Light Fade,Medium,Stretchable,With belt loops,
119,Roadster,Women Black Skinny Fit High-Rise Clean Look Stretchable Cropped Jeans,Rs. 1043,High-Rise,Cropped,Skinny Fit,,,,,,,7713851,Clean Look,No Fade,Dark,Stretchable,With belt loops,
120,Sztori,Plus Size Women Blue Skinny Fit Mid-Rise Clean Look Stretchable Jeans,Rs. 989,Mid-Rise,Regular,Skinny Fit,,,,,,,9656445,Clean Look,Light Fade,Medium,Stretchable,With belt loops,
121,ONLY,Women Black Skinny Fit Mid-Rise Clean Look Stretchable Jeans,Rs. 1035,Mid-Rise,Regular,Skinny Fit,,,,,,,11762226,Clean Look,No Fade,Dark,Stretchable,With belt loops,
122,Vero Moda,Women Black Bootcut Mid-Rise Clean Look Jeans,Rs. 1249,Mid-Rise,Regular,Bootcut,,,,,,,11742256,Clean Look,No Fade,Dark,Stretchable,With belt loops,
123,Deal Jeans,Women Blue Slim Fit Mid-Rise Clean Look Cropped Stretchable Jeans,Rs. 1377,Mid-Rise,Regular,Slim Fit,,,,,,,2426938,Clean Look,Light Fade,Medium,Stretchable,With belt loops,
124,ONLY,Women Blue CARMEN Skinny Fit Mid-Rise Clean Look Jeans,Rs. 1484,Mid-Rise,Regular,Skinny Fit,,,,,,,11523774,Clean Look,Light Fade,Dark,Stretchable,With belt loops,
125,Metronaut,Women Navy Blue Skinny Fit High-Rise Clean Look Stretchable Jeans,Rs. 559,High-Rise,Regular,Skinny Fit,,,,,,,12151134,Clean Look,No Fade,Dark,Stretchable,With belt loops,
126,Purple Feather,Women Navy Blue Skinny Fit High-Rise Clean Look Jeans,Rs. 759,High-Rise,Cropped,Skinny Fit,,,,,,,11262412,Clean Look,No Fade,Medium,Stretchable,With belt loops,
127,MANGO,Women Blue Straight Fit High-Rise Clean Look Jeans,Rs. 3442,High-Rise,Regular,Straight Fit,,,,,,,12677080,Clean Look,No Fade,Light,Stretchable,With belt loops,
128,DressBerry,Women Grey Skinny Fit Mid-Rise Clean Look Stretchable Jeans,Rs. 489,Mid-Rise,Regular,Skinny Fit,,,,,,,11491452,Clean Look,Light Fade,Medium,Stretchable,With belt loops,
129,Roadster,Women Blue Skinny Fit Mid-Rise Clean Look Stretchable Jeans,Rs. 559,Mid-Rise,Regular,Skinny Fit,,,,,,,11541634,Clean Look,No Fade,Medium,Stretchable,With belt loops,
130,Mast &amp; Harbour,Women Blue Boyfriend Fit High-Rise Clean Look Stretchable Jeans,Rs. 1539,High-Rise,Cropped,Boyfriend Fit,,,,,,,9444915,Clean Look,Heavy Fade,Light,Stretchable,With belt loops,
131,Deal Jeans,Women Blue Skinny Fit Mid-Rise Clean Look Stretchable Jeans,Rs. 1377,Mid-Rise,Regular,Skinny Fit,,,,,,,2426934,Clean Look,Light Fade,Light,Stretchable,With belt loops,
132,ONLY,Women Black Skinny Fit Mid-Rise Clean Look Stretchable Jeans,Rs. 1899,Mid-Rise,Regular,Skinny Fit,,,,,,,8359041,Clean Look,No Fade,Dark,Stretchable,With belt loops,
133,Desigual,Women Grey Slim Fit Low-Rise Clean Look Stretchable Jeans,Rs. 2876,Low-Rise,Cropped,Slim Fit,,,,,,,10985682,Clean Look,Heavy Fade,Dark,Stretchable,With belt loops,
134,Chemistry,Women Black Flared High-Rise Clean Look Stretchable Cropped Jeans,Rs. 1039,High-Rise,Cropped,Flared,,,,,,,8317535,Clean Look,No Fade,Dark,Stretchable,With belt loops,
135,Mast &amp; Harbour,Women Black Skinny Fit High-Rise Clean Look Stretchable Jeans,Rs. 899,High-Rise,Regular,Skinny Fit,,,,,,,11607018,Clean Look,Heavy Fade,Dark,Stretchable,With belt loops,
136,Roadster,Women Blue Skinny Fit Mid-Rise Low Distress Stretchable Jeans,Rs. 599,Mid-Rise,Regular,Skinny Fit,,,,,,,11226090,Low Distress,Light Fade,Medium,,With belt loops,Ripped
137,The Dry State,Women White Slim Fit Mid-Rise Clean Look Stretchable Jeans,Rs. 599,Mid-Rise,Cropped,Slim Fit,,,,,,,8473965,Clean Look,No Fade,Light,Stretchable,With belt loops,
138,ONLY,Women Blue Carmen Skinny Fit Mid-Rise Clean Look Jeans,Rs. 1379,Mid-Rise,Regular,Skinny Fit,,,,,,,11523766,Clean Look,Light Fade,Medium,Stretchable,With belt loops,
139,Deal Jeans,Women Blue Slim Fit High-Rise Clean Look Stretchable Jeans,Rs. 1497,High-Rise,Regular,Slim Fit,,,,,,,5420287,Clean Look,Light Fade,Light,Stretchable,With belt loops,
140,Tokyo Talkies,Women Black Super Skinny Fit Mid-Rise Clean Look Jeans,Rs. 569,Mid-Rise,Regular,Super Skinny Fit,,,,,,,7625915,Clean Look,No Fade,Dark,Stretchable,With belt loops,
141,Desigual,Women White Skinny Fit Mid-Rise Clean Look Stretchable Jeans,Rs. 4613,Mid-Rise,Regular,Skinny Fit,,,,,,,11877014,Clean Look,No Fade,Light,Stretchable,With belt loops,
142,Vero Moda,Women Black Skinny Fit Mid-Rise Clean Look Jeans,Rs. 1249,Mid-Rise,Regular,Skinny Fit,,,,,,,11742260,Clean Look,No Fade,Dark,Stretchable,With belt loops,
143,Roadster,Women Blue Skinny Fit Mid-Rise Clean Look Stretchable Jeans,Rs. 679,Mid-Rise,Cropped,Skinny Fit,,,,,,,11118512,Clean Look,Light Fade,Medium,Stretchable,With belt loops,
144,Tokyo Talkies,Women Navy Blue Slim Fit Mid-Rise Clean Look Stretchable Jeans,Rs. 539,Mid-Rise,Cropped,Slim Fit,,,,,,,11747824,Clean Look,No Fade,Dark,Stretchable,With belt loops,
145,DOROTHY PERKINS,Women Black Regular Fit Mid-Rise Clean Look Stretchable Cropped Jeans,Rs. 1990,Mid-Rise,Cropped,Regular Fit,,,,,,,12711680,Clean Look,No Fade,Dark,Stretchable,With belt loops,
146,Miss Chase,Women Black Skinny Fit High-Rise Clean Look Jeans,Rs. 974,High-Rise,Regular,Skinny Fit,,,,,,,8367793,Clean Look,No Fade,Dark,Non Stretchable,With belt loops,
147,Deal Jeans,Women Blue Skinny Fit Mid-Rise Clean Look Stretchable Jeans,Rs. 1377,Mid-Rise,Regular,Skinny Fit,,,,,,,5420361,Clean Look,Light Fade,Dark,Stretchable,With belt loops,
148,Kraus Jeans,Women Blue Skinny Fit Mid-Rise Ankle Length Stretchable Cropped Jeans K4050,Rs. 799,Mid-Rise,Cropped,Skinny Fit,,,,,,,10038919,Clean Look,No Fade,Dark,Stretchable,With belt loops,
149,ether,Women Black Skinny Fit Low-Rise Clean Look Jeans,Rs. 714,Low-Rise,Regular,Skinny Fit,,,,,,,1802098,Clean Look,No Fade,Dark,Stretchable,With belt loops,
150,Tokyo Talkies,Women Grey Super Skinny Fit Mid-Rise Highly Distressed Stretchable Jeans,Rs. 664,Mid-Rise,Regular,Super Skinny Fit,,,,,,,10774666,Highly Distressed,Heavy Fade,Medium,Stretchable,With belt loops,
151,Hubberholme,Women Black Skinny Fit High-Rise Clean Look Stretchable Jeans,Rs. 584,High-Rise,Cropped,Skinny Fit,,,,,,,11928612,Clean Look,Light Fade,Dark,Stretchable,With belt loops,
152,DOROTHY PERKINS,Women Navy Blue Regular Fit Mid-Rise Clean Look Stretchable Jeans,Rs. 1163,Mid-Rise,Regular,Regular Fit,,,Button and Zip,,,,12026006,Clean Look,No Fade,Dark,Stretchable,,
153,Roadster,Women Charcoal Grey Flared Mid-Rise Clean Look Stretchable Jeans,Rs. 664,Mid-Rise,Cropped,Flared,,,,,,,11530320,Clean Look,Light Fade,Dark,Stretchable,With belt loops,
154,ONLY,Women Blue Carmen Skinny Fit Mid-Rise Stretchable Low Distress Jeans,Rs. 1349,Mid-Rise,Regular,Skinny Fit,,,,,,,11523784,Low Distress,Light Fade,Medium,,With belt loops,Cat Scratches
155,Harvard,Women Black Skinny Fit Mid-Rise Clean Look Stretchable Jeans,Rs. 594,Mid-Rise,Cropped,Skinny Fit,,,,,,,10415070,Clean Look,Light Fade,Dark,Stretchable,With belt loops,
156,GAS,Women Navy Blue Skinny Fit Mid-Rise Clean Look Stretchable Jeans,Rs. 5593,Mid-Rise,Regular,Skinny Fit,,,,,,,10002017,Clean Look,No Fade,Dark,Stretchable,With belt loops,
157,Marks &amp; Spencer,Women Blue Boyfriend Fit Mid-Rise Mildly Distressed Stretchable Jeans,Rs. 3999,Mid-Rise,Regular,Boyfriend Fit,,,,,,,12378022,Mildly Distressed,Light Fade,Medium,,With belt loops,Ripped
158,Moda Rapido,Women Black Skinny Fit High-Rise Clean Look Stretchable Jeans,Rs. 769,High-Rise,Regular,Skinny Fit,,,,,,,12051296,Clean Look,No Fade,Dark,Stretchable,With belt loops,
159,Jealous 21,Black Super Skinny Fit Jeans,Rs. 799,Mid-Rise,,Super Skinny Fit,,,Button and Zip,,,,1773574,Clean Look,No Fade,Dark,Stretchable,With belt loops,
160,Roadster,Women Black Skinny Fit Mid-Rise Mildly Distressed Stretchable Jeans,Rs. 629,Mid-Rise,Cropped,Skinny Fit,,,,,,,11541566,Mildly Distressed,Light Fade,Dark,,With belt loops,Ripped
161,HERE&amp;NOW,Women Black Regular Fit Mid-Rise Clean Look Stretchable Cropped Jogger Jeans,Rs. 899,Mid-Rise,Cropped,Jogger,,,,,,,9072659,Clean Look,No Fade,Dark,Stretchable,With belt loops,
162,Roadster,Women Blue Regular Fit Mid-Rise Clean Look Jeans,Rs. 449,Mid-Rise,Regular,Skinny Fit,,,,,,,10967380,Clean Look,Light Fade,Light,Stretchable,With belt loops,
163,Roadster,Women Blue Slim Fit Mid-Rise Clean Look Stretchable Jeans,Rs. 659,Mid-Rise,Regular,Slim Fit,,,,,,,11118432,Clean Look,Light Fade,Medium,Stretchable,With belt loops,
164,Metronaut,Women Black Skinny Fit High-Rise Clean Look Stretchable Jeans,Rs. 719,High-Rise,Regular,Skinny Fit,,,,,,,12151052,Clean Look,No Fade,Dark,Stretchable,With belt loops,
165,Deal Jeans,Women Blue Slim Fit High-Rise Clean Look Cropped Stretchable Jeans,Rs. 1497,High-Rise,Regular,Slim Fit,,,,,,,2426928,Clean Look,Light Fade,Medium,Stretchable,With belt loops,
166,Roadster,Women Grey Boyfriend Fit High-Rise Clean Look Stretchable Cropped Jeans,Rs. 899,High-Rise,Cropped,Boyfriend Fit,,,,,,,11542074,Clean Look,Heavy Fade,Light,Stretchable,With belt loops,
167,DOLCE CRUDO,Women Black Skinny Fit High-Rise Clean Look Stretchable Cropped Jeans,Rs. 959,High-Rise,Cropped,Skinny Fit,,,,,,,10728896,Clean Look,No Fade,Dark,Stretchable,With belt loops,
168,ether,Women Blue Skinny Fit Mid-Rise Clean Look Stretchable Jeans,Rs. 519,Mid-Rise,Regular,Skinny Fit,,,,,,,2169964,Clean Look,Light Fade,Light,Stretchable,With belt loops,
169,Chemistry,Women Black Regular Fit Mid-Rise Clean Look Stretchable Jeans,Rs. 899,Mid-Rise,Regular,Regular Fit,,,,,,,8505853,Clean Look,No Fade,Dark,Stretchable,With belt loops,
170,Purple Feather,Women Navy Blue Skinny Fit High-Rise Clean Look Stretchable Cropped Jeans,Rs. 778,High-Rise,Cropped,Skinny Fit,,,,,,,11081132,Clean Look,Heavy Fade,Dark,Stretchable,With belt loops,
171,ether,Women Olive Green Flared Mid-Rise Clean Look Stretchable Jeans,Rs. 854,Mid-Rise,Regular,Flared,,,,,,,11307830,Clean Look,No Fade,Coloured,Stretchable,With belt loops,
172,Roadster,Women Blue Skinny Fit Mid-Rise Clean Look Stretchable Cropped Jeans,Rs. 524,Mid-Rise,Cropped,Skinny Fit,,,,,,,11226440,Clean Look,Heavy Fade,Light,Stretchable,With belt loops,
173,Deal Jeans,Women Blue Slim Fit Mid-Rise Clean Look Cropped Stretchable Jeans,Rs. 1377,Mid-Rise,Regular,Slim Fit,,,,,,,2426938,Clean Look,Light Fade,Medium,Stretchable,With belt loops,
174,Roadster,Women Blue Skinny Fit Mid-Rise Clean Look Stretchable Jeans,Rs. 524,Mid-Rise,Cropped,Skinny Fit,,,,,,,11688456,Clean Look,Light Fade,Light,Stretchable,With belt loops,
175,Levis,Women Black 710 Super Skinny Fit Mid-Rise Clean Look Stretchable Cropped Jeans,Rs. 2999,Mid-Rise,Cropped,Super Skinny Fit,,,,,,,11184438,Clean Look,No Fade,Dark,Stretchable,With belt loops,
176,Levis,Women Blue Skinny Fit Mid-Rise Clean Look Stretchable Jeans,Rs. 2939,Mid-Rise,Regular,Skinny Fit,,,,,,,11184908,Clean Look,Light Fade,Medium,Stretchable,With belt loops,
177,MANGO,Women Navy Blue Skinny Fit Mid-Rise Clean Look Stretchable Cropped Sustainable Jeans,Rs. 1673,Mid-Rise,Cropped,Skinny Fit,,,,,,,11175012,Clean Look,No Fade,Dark,Stretchable,With belt loops,
178,Desigual,Women Grey Slim Fit Low-Rise Clean Look Stretchable Jeans,Rs. 2876,Low-Rise,Cropped,Slim Fit,,,,,,,10985682,Clean Look,Heavy Fade,Dark,Stretchable,With belt loops,
179,Vero Moda,Women Black Skinny Fit Mid-Rise Clean Look Cropped Jeans,Rs. 1499,Mid-Rise,Cropped,Skinny Fit,,,,,,,11742286,Clean Look,No Fade,Dark,Stretchable,With belt loops,
180,Purple Feather,Women Blue Skinny Fit High-Rise Clean Look Stretchable Jeans,Rs. 759,High-Rise,Cropped,Skinny Fit,,,,,,,11156872,Clean Look,Light Fade,Medium,Stretchable,With belt loops,
181,Deal Jeans,Women Blue Skinny Fit Mid-Rise Clean Look Stretchable Jeans,Rs. 1377,Mid-Rise,Regular,Skinny Fit,,,,,,,2426934,Clean Look,Light Fade,Light,Stretchable,With belt loops,
182,ONLY,Women Black Skinny Fit High-Rise Clean Look Stretchable Cropped Jeans,Rs. 2499,High-Rise,Cropped,Skinny Fit,,,,,,,11492714,Clean Look,No Fade,Dark,Stretchable,With belt loops,
183,High Star,Women Black Slim Fit High-Rise Clean Look Stretchable Jeans,Rs. 804,High-Rise,Regular,Slim Fit,,,,,,,7743971,Clean Look,No Fade,Dark,Stretchable,With belt loops,
184,People,Women Grey Mid-Rise Clean Look Stretchable Cropped Jeans,Rs. 399,Mid-Rise,Regular,Regular Fit,,,,,,,9068169,Clean Look,No Fade,Dark,Stretchable,With belt loops,
185,Moda Rapido,Women Blue Skinny Fit High-Rise Clean Look Stretchable Cropped Jeans,Rs. 559,High-Rise,Cropped,Skinny Fit,,,,,,,12051282,Clean Look,Light Fade,Light,Stretchable,With belt loops,
186,H&amp;M,Women Super Skinny Regular Jeans,Rs. 1499,Mid-Rise,Regular,Super Skinny Fit,,,,,,,10945428,Clean Look,No Fade,Dark,Stretchable,With belt loops,
187,DOROTHY PERKINS,Women Navy Blue Statement Skinny Fit Mid-Rise Clean Look Stretchable Jeans,Rs. 1393,Mid-Rise,Cropped,Skinny Fit,,,,,,,12125710,Clean Look,Light Fade,Dark,Stretchable,With belt loops,
188,Tokyo Talkies,Women Black Slim Fit High-Rise Mildly Distressed Jeans,Rs. 664,High-Rise,Cropped,Slim Fit,,,,,,,12261666,Mildly Distressed,No Fade,Dark,Stretchable,With belt loops,
189,Deal Jeans,Women Blue Slim Fit High-Rise Clean Look Stretchable Jeans,Rs. 1497,High-Rise,Regular,Slim Fit,,,,,,,5420287,Clean Look,Light Fade,Light,Stretchable,With belt loops,
190,Marks &amp; Spencer,Women Blue Straight Fit Mid-Rise Clean Look Stretchable Jeans,Rs. 1799,Mid-Rise,Regular,Straight Fit,,,,,,,12377984,Clean Look,Light Fade,Light,Stretchable,With belt loops,
191,Levis,Women Blue 311 Shaping Skinny Fit Mid-Rise Clean Look Stretchable Jeans,Rs. 2519,Mid-Rise,Regular,Skinny Fit,,,,,,,11184620,Clean Look,Light Fade,Dark,Stretchable,With belt loops,
192,Vero Moda,Women Black Skinny Fit Mid-Rise Clean Look Stretchable Cropped Jeans,Rs. 1799,Mid-Rise,Cropped,Skinny Fit,,,,,,,8410377,Clean Look,No Fade,Dark,Stretchable,With belt loops,
193,Roadster,Women Blue Skinny Fit Mid-Rise Mildly Distressed Stretchable Cropped Jeans,Rs. 594,Mid-Rise,Cropped,Skinny Fit,,,,,,,11226248,Mildly Distressed,Heavy Fade,Light,,With belt loops,Ripped
194,Roadster,Women Black Skinny Fit Mid-Rise Mildly Distressed Stretchable Cropped Jeans,Rs. 539,Mid-Rise,Cropped,Skinny Fit,,,,,,,11531940,Mildly Distressed,Light Fade,Dark,,With belt loops,Ripped
195,HERE&amp;NOW,Women Black Skinny Fit Mid-Rise Clean Look Stretchable Jeans,Rs. 599,Mid-Rise,Regular,Skinny Fit,,,,,,,11231964,Clean Look,No Fade,Dark,Stretchable,With belt loops,
196,DOLCE CRUDO,Women Black Slim Fit High-Rise Clean Look Jeans,Rs. 959,High-Rise,Regular,Slim Fit,,,,,,,10797434,Clean Look,No Fade,Dark,Stretchable,With belt loops,
197,Deal Jeans,Women Blue Skinny Fit Mid-Rise Clean Look Stretchable Jeans,Rs. 1377,Mid-Rise,Regular,Skinny Fit,,,,,,,5420361,Clean Look,Light Fade,Dark,Stretchable,With belt loops,
198,Tokyo Talkies,Women Blue Super Skinny Fit Mid-Rise Highly Distressed Stretchable Jeans,Rs. 664,Mid-Rise,Regular,Super Skinny Fit,,,,,,,10742394,Highly Distressed,Heavy Fade,Medium,,With belt loops,Ripped
199,DressBerry,Women Black Skinny Fit Mid-Rise Clean Look Stretchable Ankle Length Jeans,Rs. 489,Mid-Rise,Cropped,Skinny Fit,,,,,,,10366437,Clean Look,No Fade,Dark,Stretchable,With belt loops,
200,Roadster,Women Navy Blue Super Skinny Fit High-Rise Clean Look Stretchable Jeans,Rs. 629,High-Rise,Regular,Super Skinny Fit,,,,,,,11531754,Clean Look,No Fade,Dark,Stretchable,With belt loops,
201,DressBerry,Women Blue Skinny Fit Mid-Rise Clean Look Stretchable Ankle Length Jeans,Rs. 599,Mid-Rise,Cropped,Skinny Fit,,,,,,,10158743,Clean Look,No Fade,Light,Stretchable,With belt loops,
202,Metronaut,Women Navy Blue Skinny Fit High-Rise Low Distress Jeans,Rs. 799,High-Rise,Regular,Skinny Fit,,,,,,,12151122,Low Distress,Light Fade,Dark,,With belt loops,Cat Scratches
203,DOLCE CRUDO,Women Navy Blue Skinny Fit High-Rise Clean Look Stretchable Jeans,Rs. 959,High-Rise,Cropped,Skinny Fit,,,,,,,10942738,Clean Look,No Fade,Medium,Stretchable,With belt loops,
204,HERE&amp;NOW,Women Pink Skinny Fit Mid-Rise Clean Look Stretchable Jeans,Rs. 699,Mid-Rise,Regular,Skinny Fit,,,,,,,11382644,Clean Look,No Fade,Coloured,Stretchable,With belt loops,
205,Desigual,Women Navy Blue Slim Fit Low-Rise Clean Look Stretchable Jeans,Rs. 2876,Low-Rise,Cropped,Slim Fit,,,,,,,10985672,Clean Look,Heavy Fade,Medium,Stretchable,With belt loops,
206,Roadster,Women Blue Skinny Fit Mid-Rise Clean Look Stretchable Cropped Jeans,Rs. 489,Mid-Rise,Cropped,Skinny Fit,,,,,,,12564360,Clean Look,Light Fade,Light,Stretchable,With belt loops,
207,Marks &amp; Spencer,Women Blue Boyfriend Fit Mid-Rise Mildly Distressed Stretchable Jeans,Rs. 3999,Mid-Rise,Regular,Boyfriend Fit,,,,,,,12378022,Mildly Distressed,Light Fade,Medium,,With belt loops,Ripped
208,Roadster,Women Blue Skinny Fit Mid-Rise Clean Look Stretchable Ankle Length Jeans,Rs. 509,Mid-Rise,Regular,Skinny Fit,,,,,,,9205413,Clean Look,Heavy Fade,Dark,Stretchable,With belt loops,
209,High Star,Women Black Slim Fit High-Rise Clean Look Stretchable Jeans,Rs. 791,High-Rise,Regular,Slim Fit,,,,,,,10343531,Clean Look,No Fade,Dark,Stretchable,With belt loops,
210,Roadster,Women Blue Skinny Fit Mid-Rise Clean Look Stretchable Jeans,Rs. 599,Mid-Rise,Regular,Skinny Fit,,,,,,,8091645,Clean Look,Light Fade,Light,Stretchable,With belt loops,
211,Hubberholme,Women Charcoal Grey Slim Fit High-Rise Clean Look Cropped Stretchable Jeans,Rs. 584,High-Rise,Cropped,Slim Fit,,,,,,,11928594,Clean Look,No Fade,Dark,Stretchable,With belt loops,
212,Miss Chase,Women White Skinny Fit High-Rise Clean Look Jeans,Rs. 974,High-Rise,Cropped,Skinny Fit,,,,,,,7474228,Clean Look,No Fade,Light,Stretchable,With belt loops,
213,HERE&amp;NOW,Women Grey Super Skinny Fit Mid-Rise Low Distress Stretchable Jeans,Rs. 659,Mid-Rise,Regular,Super Skinny Fit,,,,,,,10947000,Low Distress,Light Fade,Light,,With belt loops,Ripped
214,Levis,Women Grey Skinny Fit Mid-Rise Clean Look 711 Skinny Jeans,Rs. 1959,Mid-Rise,Regular,Skinny Fit,,,,,,,2584278,Clean Look,Light Fade,Medium,Stretchable,With belt loops,
215,Deal Jeans,Women Blue Slim Fit High-Rise Clean Look Cropped Stretchable Jeans,Rs. 1497,High-Rise,Regular,Slim Fit,,,,,,,2426928,Clean Look,Light Fade,Medium,Stretchable,With belt loops,
216,ether,Women Navy Blue Wide Leg Fit Mid-Rise Clean Look Stretchable Jeans,Rs. 679,Mid-Rise,Regular,Regular Fit,,,,,,,11307812,Clean Look,No Fade,Medium,Stretchable,With belt loops,
217,Vero Moda,Women Blue Slim Fit Low-Rise Mildly Distress Stretchable Jeans,Rs. 989,Low-Rise,Regular,Slim Fit,,,,,,,4376534,Mildly Distressed,Light Fade,Medium,,With belt loops,Ripped
218,Roadster,Women Blue Skinny Fit Mid-Rise Mildly Distressed Stretchable Cropped Jeans,Rs. 719,Mid-Rise,Cropped,Skinny Fit,,,,,,,11531862,Mildly Distressed,Light Fade,Medium,,With belt loops,Ripped
219,Ms.Taken,Women Blue Slim Fit Mid-Rise Mildly Distressed Stretchable Jeans,Rs. 659,Mid-Rise,Regular,Slim Fit,,,,,,,6941484,Mildly Distressed,Light Fade,Light,,With belt loops,Ripped
220,HERE&amp;NOW,Women Blue Super Skinny Fit Mid-Rise Clean Look Stretchable Jeans,Rs. 699,Mid-Rise,Regular,Skinny Fit,Super,,,,,,11440420,Clean Look,Light Fade,Dark,,With belt loops,
221,Roadster,Women Grey Skinny Fit Mid-Rise Clean Look Cropped Jeans,Rs. 594,Mid-Rise,Cropped,Skinny Fit,,,,,,,11132782,Clean Look,Light Fade,Medium,Stretchable,With belt loops,
222,Roadster,Women Blue Skinny Fit Mid-Rise Clean Look Stretchable Cropped Jeans,Rs. 479,Mid-Rise,Cropped,Skinny Fit,,,,,,,11226308,Clean Look,Heavy Fade,Light,Stretchable,With belt loops,
223,Deal Jeans,Women Blue Slim Fit Mid-Rise Clean Look Cropped Stretchable Jeans,Rs. 1377,Mid-Rise,Regular,Slim Fit,,,,,,,2426938,Clean Look,Light Fade,Medium,Stretchable,With belt loops,
224,ONLY,Women Blue Skinny Fit Clean Look Stretchable Jeans,Rs. 804,Mid-Rise,Regular,Skinny Fit,,,,,,,10375107,Clean Look,No Fade,Dark,Stretchable,With belt loops,
225,Levis,Women Grey Skinny Fit Mid-Rise Clean Look Stretchable Jeans 711,Rs. 1649,Mid-Rise,Regular,Skinny Fit,,,,,,,9905769,Clean Look,Heavy Fade,Light,Stretchable,With belt loops,
226,STREET 9,Women Blue Straight Fit Mid-Rise Low Distress Stretchable Jeans,Rs. 999,Mid-Rise,Cropped,Straight Fit,,,,,,,12693466,Low Distress,Light Fade,Light,,With belt loops,Ripped
227,Roadster,Women Black Skinny Fit Mid-Rise Clean Look Stretchable Jeans,Rs. 899,Mid-Rise,Regular,Skinny Fit,,,,,,,8803839,Clean Look,No Fade,Dark,Stretchable,With belt loops,
228,Roadster,Women Blue Regular Fit Mid-Rise Clean Look Jeans,Rs. 599,Mid-Rise,Cropped,Regular Fit,,,,,,,11541502,Clean Look,Light Fade,Medium,Non Stretchable,With belt loops,
229,Fame Forever by Lifestyle,Women Black Slim Fit Clean Look Ankle Length Stretchable Jeans,Rs. 629,Mid-Rise,Cropped,Slim Fit,,,,,,,2477405,Clean Look,No Fade,Dark,Stretchable,With belt loops,
230,Roadster,Women Blue Skinny Fit Mid-Rise Clean Look Stretchable Jeans,Rs. 559,Mid-Rise,Regular,Skinny Fit,,,,,,,11541518,Clean Look,Light Fade,Dark,Stretchable,With belt loops,
231,Deal Jeans,Women Blue Skinny Fit Mid-Rise Clean Look Stretchable Jeans,Rs. 1377,Mid-Rise,Regular,Skinny Fit,,,,,,,2426934,Clean Look,Light Fade,Light,Stretchable,With belt loops,
232,High Star,Women Grey Slim Fit High-Rise Clean Look Stretchable Jeans,Rs. 804,High-Rise,Regular,Slim Fit,,,,,,,9042973,Clean Look,No Fade,Medium,Stretchable,With belt loops,
233,Flying Machine,Women Black Hourglass Skinny Fit High-Rise Clean Look Stretchable Jeans,Rs. 1539,High-Rise,Cropped,Super Skinny Fit,,,,,,,12476730,Clean Look,No Fade,Dark,Stretchable,With belt loops,
234,Roadster,Women Blue Skinny Fit Mid-Rise Clean Look Stretchable Jeans,Rs. 719,Mid-Rise,Cropped,Skinny Fit,,,,,,,4451404,Clean Look,Light Fade,Medium,Stretchable,With belt loops,
235,Miss Chase,Women White Skinny Fit High-Rise Clean Look Stretchable Jeans,Rs. 959,High-Rise,Regular,Skinny Fit,,,,,,,10831730,Clean Look,No Fade,Light,Stretchable,With belt loops,
236,Miss Chase,Women White Skinny Fit High-Rise Clean Look Cropped Jeans,Rs. 959,High-Rise,Cropped,Skinny Fit,,,,,,,10075723,Clean Look,No Fade,Light,Stretchable,With belt loops,
237,Sztori,Plus Size Women Navy Blue Skinny Fit Mid-Rise Clean Look Stretchable Jeans,Rs. 989,Mid-Rise,Regular,Skinny Fit,,,,,,,9656381,Clean Look,No Fade,Dark,Stretchable,With belt loops,
238,Roadster,Women Black Skinny Fit Mid-Rise Clean Look Stretchable Cropped Jeans,Rs. 749,Mid-Rise,Cropped,Skinny Fit,,,,,,,9144495,Clean Look,No Fade,Dark,Stretchable,With belt loops,
239,Deal Jeans,Women Blue Slim Fit High-Rise Clean Look Stretchable Jeans,Rs. 1497,High-Rise,Regular,Slim Fit,,,,,,,5420287,Clean Look,Light Fade,Light,Stretchable,With belt loops,
240,American Crew,Women Blue Slim Fit Mid-Rise Clean Look Stretchable Jeans,Rs. 899,Mid-Rise,Regular,Slim Fit,,,,,,,10668692,Clean Look,Light Fade,Light,Stretchable,With belt loops,
241,Tokyo Talkies,Women Black Super Skinny Fit Mid-Rise Clean Look Stretchable Jeans,Rs. 724,Mid-Rise,Cropped,Super Skinny Fit,,,,,,,11944246,Clean Look,No Fade,Dark,Stretchable,With belt loops,
242,Levis,Women Black 312 Slim Fit Mid-Rise Clean Look Stretchable Jeans,Rs. 2159,Mid-Rise,Regular,Slim Fit,,,,,,,11184866,Clean Look,No Fade,Dark,Stretchable,With belt loops,
243,The Dry State,Women Green Slim Fit Mid-Rise Clean Look Jeans,Rs. 679,Mid-Rise,Cropped,Slim Fit,,,,,,,11503396,Clean Look,No Fade,Coloured,Stretchable,With belt loops,
244,Xpose,Women Black Slim Fit Mid-Rise Clean Look Stretchable Jeans,Rs. 1049,Mid-Rise,Regular,Slim Fit,,,,,,,4318327,Clean Look,No Fade,Dark,Stretchable,With belt loops,
245,Roadster,Women Blue Skinny Fit Mid-Rise Clean Look Jeans,Rs. 664,Mid-Rise,Regular,Skinny Fit,,,,,,,11541804,Clean Look,Heavy Fade,Dark,Stretchable,With belt loops,
246,Roadster,Women Black Skinny Fit Mid-Rise Clean Look Stretchable Jeans,Rs. 519,Mid-Rise,Regular,Skinny Fit,,,,,,,11226342,Clean Look,Light Fade,Medium,Stretchable,With belt loops,
247,Deal Jeans,Women Blue Skinny Fit Mid-Rise Clean Look Stretchable Jeans,Rs. 1377,Mid-Rise,Regular,Skinny Fit,,,,,,,5420361,Clean Look,Light Fade,Dark,Stretchable,With belt loops,
248,GAP,Women's Mid Rise Favorite Jeggings,Rs. 1379,Mid-Rise,Cropped,Super Skinny Fit,,,,,,,10409421,Clean Look,Light Fade,Light,Stretchable,With belt loops,
249,Roadster,Women Blue Super Skinny Fit High-Rise Clean Look Stretchable Jeans,Rs. 849,High-Rise,Regular,Super Skinny Fit,,,,,,,11531724,Clean Look,No Fade,Light,Stretchable,With belt loops,
250,Purple Feather,Women Blue Skinny Fit High-Rise Clean Look Stretchable Cropped Jeans,Rs. 740,High-Rise,Cropped,Skinny Fit,,,,,,,10708548,Clean Look,Heavy Fade,Light,Stretchable,With belt loops,
251,Roadster,Women Grey Skinny Fit Mid-Rise Clean Look Stretchable Jeans,Rs. 479,Mid-Rise,Regular,Skinny Fit,,,,,,,11531850,Clean Look,Heavy Fade,Light,Stretchable,With belt loops,
252,DressBerry,Women Blue Skinny Fit Mid-Rise Clean Look Stretchable Ankle-Length Jeans,Rs. 489,Mid-Rise,Regular,Skinny Fit,,,,,,,10156743,Clean Look,Light Fade,Dark,Stretchable,With belt loops,
253,Pepe Jeans,Women Navy Blue Slim Fit Mid-Rise Clean Look Stretchable Cropped Jeans,Rs. 989,Mid-Rise,Cropped,Slim Fit,,,,,,,8799523,Clean Look,Light Fade,Dark,Stretchable,With belt loops,
254,High Star,Women White Slim Fit High-Rise Clean Look Stretchable Jeans,Rs. 804,High-Rise,Regular,Slim Fit,,,,,,,8070243,Clean Look,No Fade,Light,Stretchable,With belt loops,
255,Roadster,Women Blue Skinny Fit Mid-Rise Highly Distressed Stretchable Cropped Jeans,Rs. 719,Mid-Rise,Cropped,Skinny Fit,,,,,,,11930974,Highly Distressed,Heavy Fade,Light,,With belt loops,Ripped
256,High Star,Women Blue Slim Fit High-Rise Clean Look Stretchable Jeans,Rs. 779,High-Rise,Regular,Slim Fit,,,,,,,4446480,Clean Look,Light Fade,Dark,Stretchable,With belt loops,
257,Marks &amp; Spencer,Women Blue Boyfriend Fit Mid-Rise Mildly Distressed Stretchable Jeans,Rs. 3999,Mid-Rise,Regular,Boyfriend Fit,,,,,,,12378022,Mildly Distressed,Light Fade,Medium,,With belt loops,Ripped
258,Kraus Jeans,Women Black Skinny Fit High-Rise Clean Look K3060 Jeans,Rs. 1271,High-Rise,Regular,Skinny Fit,,,,,,,2031329,Clean Look,No Fade,Dark,Non Stretchable,With belt loops,
259,Metronaut,Women Charcoal Grey Skinny Fit Mid-Rise Clean Look Jeans,Rs. 679,Mid-Rise,Regular,Skinny Fit,,,,,,,12151062,Clean Look,No Fade,Dark,Stretchable,With belt loops,
260,HERE&amp;NOW,Women Blue Skinny Fit Mid-Rise Clean Look Stretchable Jeans,Rs. 769,Mid-Rise,Regular,Skinny Fit,,,,,,,11440850,Clean Look,Light Fade,Medium,Stretchable,With belt loops,
261,Roadster,Women Grey Skinny Fit Mid-Rise Clean Look Stretchable Cropped Jeans,Rs. 599,Mid-Rise,Cropped,Skinny Fit,,,,,,,11531704,Clean Look,Heavy Fade,Light,Stretchable,With belt loops,
262,Purple Feather,Women Blue Skinny Fit High-Rise Clean Look Cropped Jeans,Rs. 759,High-Rise,Cropped,Skinny Fit,,,,,,,7718247,Clean Look,Light Fade,Light,Stretchable,With belt loops,
263,Vero Moda,Women White Bootcut Mid-Rise Clean Look Jeans,Rs. 1249,Mid-Rise,Regular,Flared,,,,,,,11742270,Clean Look,No Fade,Light,Stretchable,With belt loops,
264,Ginger by Lifestyle,Women White Slim Fit Mid-Rise Clean Look Jeans,Rs. 679,Mid-Rise,Cropped,Slim Fit,,,,,,,10933642,Clean Look,No Fade,Light,Non Stretchable,With belt loops,
265,Deal Jeans,Women Blue Slim Fit High-Rise Clean Look Cropped Stretchable Jeans,Rs. 1497,High-Rise,Regular,Slim Fit,,,,,,,2426928,Clean Look,Light Fade,Medium,Stretchable,With belt loops,
266,Purple Feather,Women Blue Skinny Fit High-Rise Clean Look Stretchable Jeans,Rs. 778,High-Rise,Cropped,Skinny Fit,,,,,,,11156860,Clean Look,Light Fade,Medium,Stretchable,With belt loops,
267,Roadster,Women Black Jegging Super Skinny Fit Clean Look Stretchable Cropped Jeans,Rs. 524,Mid-Rise,Cropped,Super Skinny Fit,Jeggings,,,,,,11226116,Clean Look,Heavy Fade,Medium,,With belt loops,
268,High Star,Women Blue Slim Fit High-Rise Clean Look Stretchable Jeans,Rs. 803,High-Rise,Cropped,Slim Fit,,,,,,,7243701,Clean Look,Light Fade,Dark,Stretchable,With belt loops,
269,Levis,Women Blue 710 Super Skinny Fit Mid-Rise Clean Look Waterless Stretchable Jeans,Rs. 2449,Mid-Rise,Regular,Super Skinny Fit,,,,,,,11184632,Clean Look,Light Fade,Dark,Stretchable,With belt loops,
270,DressBerry,Women Black Skinny Fit Mid-Rise Clean Look Stretchable Ankle Length Jeans,Rs. 769,Mid-Rise,Cropped,Skinny Fit,,,,,,,10366427,Clean Look,No Fade,Dark,Stretchable,With belt loops,
271,Levis,Women Blue 711 Skinny Fit Mid-Rise Clean Look Stretchable Jeans,Rs. 2339,Mid-Rise,Regular,Skinny Fit,,,,,,,11184534,Clean Look,Light Fade,Dark,Stretchable,With belt loops,
272,SASSAFRAS,Women Black Regular Fit Mid-Rise Clean Look Stretchable Slouchy Jeans,Rs. 1199,Mid-Rise,Regular,Regular Fit,,,,,,,12222110,Clean Look,No Fade,Dark,Stretchable,Elasticated,
273,Deal Jeans,Women Blue Slim Fit Mid-Rise Clean Look Cropped Stretchable Jeans,Rs. 1377,Mid-Rise,Regular,Slim Fit,,,,,,,2426938,Clean Look,Light Fade,Medium,Stretchable,With belt loops,
274,Vero Moda,Women Blue Slim Fit Mid-Rise Clean Look Jeans,Rs. 1799,Mid-Rise,Cropped,Slim Fit,,,,,,,8410369,Clean Look,Light Fade,Dark,Stretchable,With belt loops,
275,Levis,Women Blue Skinny Fit Mid-Rise Mildly Distressed Stretchable Jeans,Rs. 1539,Mid-Rise,Regular,Skinny Fit,,,,,,,8315559,Mildly Distressed,Heavy Fade,Light,,With belt loops,Ripped
276,Roadster,Women Blue Skinny Fit Mid-Rise Low Distress Stretchable Jeans,Rs. 599,Mid-Rise,Cropped,Skinny Fit,,,,,,,11226360,Low Distress,Light Fade,Medium,,With belt loops,Cat Scratches
277,DressBerry,Women Charcoal Grey Skinny Fit Mid-Rise Low Distress Stretchable Ankle Length Jeans,Rs. 629,Mid-Rise,Cropped,Skinny Fit,,,,,,,10366415,Low Distress,Light Fade,Dark,,With belt loops,Cat Scratches
278,Nifty,Women Blue Bootcut Mid-Rise Clean Look Stretchable Jeans,Rs. 791,Mid-Rise,Regular,Bootcut,,,,,,,11609870,Clean Look,No Fade,Medium,Stretchable,With belt loops,
279,MANGO,Women Grey Skinny Fit Mid-Rise Clean Look Stretchable Cropped Sustainable Jeans,Rs. 1673,Mid-Rise,Cropped,Skinny Fit,,,,,,,11175462,Clean Look,Light Fade,Light,Stretchable,With belt loops,
280,DressBerry,Women Navy Blue Skinny Fit Mid-Rise Clean Look Stretchable Ankle Length Jeans,Rs. 629,Mid-Rise,Cropped,Skinny Fit,,,,,,,10671356,Clean Look,No Fade,Dark,Stretchable,With belt loops,
281,Deal Jeans,Women Blue Skinny Fit Mid-Rise Clean Look Stretchable Jeans,Rs. 1377,Mid-Rise,Regular,Skinny Fit,,,,,,,2426934,Clean Look,Light Fade,Light,Stretchable,With belt loops,
282,Ms.Taken,Women Blue Skinny Fit Mid-Rise Clean Look Stretchable Cropped Jeans,Rs. 539,Mid-Rise,Cropped,Skinny Fit,,,,,,,10304457,Clean Look,Light Fade,Medium,Stretchable,With belt loops,
283,Roadster,Women Blue Skinny Fit Mid-Rise Clean Look Stretchable Jeans,Rs. 594,Mid-Rise,Regular,Skinny Fit,,,,,,,11118536,Clean Look,Light Fade,Medium,Stretchable,With belt loops,
284,Roadster,Women Blue Skinny Fit Mid-Rise Clean Look Jeans,Rs. 559,Mid-Rise,Regular,Skinny Fit,,,,,,,11541682,Clean Look,Light Fade,Medium,Non Stretchable,With belt loops,
285,Miss Chase,Women Blue Skinny Fit High-Rise Clean Look Jeans,Rs. 949,High-Rise,Regular,Skinny Fit,,,,,,,8514289,Clean Look,No Fade,Medium,Stretchable,With belt loops,
286,The Dry State,Women Red Slim Fit Mid-Rise Clean Look Jeans,Rs. 679,Mid-Rise,Cropped,Slim Fit,,,,,,,11503392,Clean Look,No Fade,Coloured,Stretchable,With belt loops,
287,Harvard,Women Blue Skinny Fit Mid-Rise Clean Look Stretchable Jeans,Rs. 594,Mid-Rise,Cropped,Skinny Fit,,,,,,,10415104,Clean Look,Heavy Fade,Medium,Stretchable,With belt loops,
288,HERE&amp;NOW,Women Blue Skinny Fit High-Rise Mildly Distressed Stretchable Cropped Jeans,Rs. 799,High-Rise,Cropped,Skinny Fit,,,,,,,11440404,Mildly Distressed,Light Fade,Medium,,With belt loops,Ripped
289,Deal Jeans,Women Blue Slim Fit High-Rise Clean Look Stretchable Jeans,Rs. 1497,High-Rise,Regular,Slim Fit,,,,,,,5420287,Clean Look,Light Fade,Light,Stretchable,With belt loops,
290,Roadster,Women Blue Skinny Fit Mid-Rise Clean Look Stretchable Cropped Jeans,Rs. 559,Mid-Rise,Cropped,Skinny Fit,,,,,,,7139177,Clean Look,Heavy Fade,Medium,Stretchable,With belt loops,
291,HERE&amp;NOW,Women Blue Skinny Fit High-Rise Clean Look Stretchable Jeans,Rs. 769,High-Rise,Regular,Skinny Fit,,,,,,,11460332,Clean Look,Light Fade,Dark,Stretchable,With belt loops,
292,Levis,Women Blue 710 Super Skinny Fit Mid-Rise Clean Look Stretchable Jeans,Rs. 1959,Mid-Rise,Regular,Super Skinny Fit,,,,,,,11184932,Clean Look,Light Fade,Medium,Stretchable,With belt loops,
293,Roadster,Women Black Skinny Fit High-Rise Clean Look Stretchable Jeans,Rs. 719,High-Rise,Regular,Skinny Fit,,,,,,,11226306,Clean Look,Heavy Fade,Medium,Stretchable,With belt loops,
294,High Star,Women White Slim Fit Mid-Rise Clean Look Jeans,Rs. 719,Mid-Rise,Regular,Slim Fit,,,,,,,10343517,Clean Look,No Fade,Light,Stretchable,With belt loops,
295,HERE&amp;NOW,Women Burgundy Skinny Fit High-Rise Clean Look Stretchable Jeans,Rs. 769,High-Rise,Regular,Skinny Fit,,,,,,,12022804,Clean Look,No Fade,Coloured,Stretchable,With belt loops,
296,Roadster,Women Black Skinny Fit Mid-Rise Clean Look Stretchable Jeans,Rs. 599,Mid-Rise,Regular,Skinny Fit,,,,,,,11531864,Clean Look,Light Fade,Dark,Stretchable,With belt loops,
297,Deal Jeans,Women Blue Skinny Fit Mid-Rise Clean Look Stretchable Jeans,Rs. 1377,Mid-Rise,Regular,Skinny Fit,,,,,,,5420361,Clean Look,Light Fade,Dark,Stretchable,With belt loops,
298,Metronaut,Women Blue Skinny Fit High-Rise Clean Look Stretchable Cropped Jeans,Rs. 594,High-Rise,Cropped,Skinny Fit,,,,,,,12151142,Clean Look,No Fade,Dark,Stretchable,With belt loops,
299,Harvard,Women Blue Skinny Fit Mid-Rise Clean Look Stretchable Jeans,Rs. 519,Mid-Rise,Regular,Skinny Fit,,,,,,,11394614,Clean Look,Light Fade,Medium,Stretchable,With belt loops,
300,Roadster,Women Black Skinny Fit Mid-Rise Clean Look Stretchable Jeans,Rs. 649,Mid-Rise,Regular,Skinny Fit,,,,,,,11226384,Clean Look,Light Fade,Medium,Stretchable,With belt loops,
301,Roadster,Women Blue Skinny Fit Mid-Rise Clean Look Stretchable Jeans,Rs. 509,Mid-Rise,Cropped,Skinny Fit,Lean,,,,,,11118418,Clean Look,Light Fade,Dark,,With belt loops,
302,Mast &amp; Harbour,Women Grey Skinny Fit Mid-Rise Clean Look Stretchable Cropped Jeans,Rs. 899,Mid-Rise,Cropped,Skinny Fit,,,,,,,11255840,Clean Look,No Fade,Medium,Stretchable,With belt loops,
303,High Star,Women Blue Slim Fit High-Rise Clean Look Stretchable Jeans,Rs. 779,High-Rise,Regular,Slim Fit,,,,,,,4446474,Clean Look,Light Fade,Dark,Stretchable,With belt loops,
304,DressBerry,Women Blue Skinny Fit Mid-Rise Clean Look Stretchable Jeans,Rs. 449,Mid-Rise,Regular,Skinny Fit,,,,,,,2204727,Clean Look,Light Fade,Medium,Stretchable,With belt loops,
305,Hubberholme,Women Navy Blue Slim Fit Bootcut Mid-Rise Clean Look Cropped Stretchable Jeans,Rs. 679,Mid-Rise,Cropped,Bootcut,,,,,,,12379888,Clean Look,Light Fade,Dark,Stretchable,With belt loops,
306,MANGO,Women Black Regular Loose Fit High-Rise Stretchable Clean Look Jeans,Rs. 2093,High-Rise,Regular,Regular Fit,Loose,,,,,,12524708,Clean Look,No Fade,Dark,,Elasticated,
307,Marks &amp; Spencer,Women Blue Boyfriend Fit Mid-Rise Mildly Distressed Stretchable Jeans,Rs. 3999,Mid-Rise,Regular,Boyfriend Fit,,,,,,,12378022,Mildly Distressed,Light Fade,Medium,,With belt loops,Ripped
308,HERE&amp;NOW,Women Grey Jogger Fit Mid-Rise Clean Look Stretchable Cropped Jeans,Rs. 1169,Mid-Rise,Cropped,Jogger,,,,,,,11231952,Clean Look,Heavy Fade,Light,Stretchable,Without belt loops,
309,Roadster,Women Blue Skinny Fit Mid-Rise Clean Look Stretchable Cropped Jeans,Rs. 719,Mid-Rise,Cropped,Skinny Fit,,,,,,,11688464,Clean Look,Light Fade,Dark,Stretchable,With belt loops,
310,HERE&amp;NOW,Women Pink Jogger Mid-Rise Clean Look Stretchable Cropped Jeans,Rs. 909,Mid-Rise,Cropped,Jogger,,,,,,,11231988,Clean Look,No Fade,Coloured,Stretchable,With belt loops,
311,Levis,Women Black 710 Super Skinny Fit Mid-Rise Clean Look Stretchable Jeans,Rs. 2144,Mid-Rise,Regular,Super Skinny Fit,,,,,,,11184416,Clean Look,Light Fade,Dark,Stretchable,With belt loops,
312,Roadster,Women Blue Skinny Fit Mid-Rise Clean Look Stretchable Jeans,Rs. 449,Mid-Rise,Cropped,Skinny Fit,,,,,,,10967576,Clean Look,Heavy Fade,Light,Stretchable,With belt loops,
313,DressBerry,Women Charcoal Skinny Fit Mid-Rise Clean Look Stretchable Jeans,Rs. 559,Mid-Rise,Regular,Skinny Fit,,,,,,,11293706,Clean Look,Heavy Fade,Light,Stretchable,With belt loops,
314,Sztori,Women Black Plus Size Staple Slimming Fit Mid-Rise Clean Look Jeans,Rs. 1039,Mid-Rise,Regular,Slim Fit,,,,,,,11196878,Clean Look,No Fade,Dark,Stretchable,With belt loops,
315,Deal Jeans,Women Blue Slim Fit High-Rise Clean Look Cropped Stretchable Jeans,Rs. 1497,High-Rise,Regular,Slim Fit,,,,,,,2426928,Clean Look,Light Fade,Medium,Stretchable,With belt loops,
316,Xpose,Women Blue Slim Fit Mid-Rise Clean Look Stretchable Jeans,Rs. 979,Mid-Rise,Regular,Slim Fit,,,,,,,10757364,Clean Look,Heavy Fade,Medium,Stretchable,With belt loops,
317,High Star,Women Blue Slim Fit Mid-Rise Clean Look Stretchable Jeans,Rs. 758,Mid-Rise,Regular,Slim Fit,,,,,,,8840515,Clean Look,Light Fade,Medium,Stretchable,With belt loops,
318,Sztori,Plus Size Women Olive Green Skinny Fit Mid-Rise Clean Look Stretchable Jeans,Rs. 919,Mid-Rise,Regular,Skinny Fit,,,,,,,9823609,Clean Look,No Fade,Coloured,Stretchable,With belt loops,
319,Tokyo Talkies,Women Black Super Skinny Fit Mid-Rise Clean Look Stretchable Jeans,Rs. 664,Mid-Rise,Cropped,Super Skinny Fit,,,,,,,9801597,Clean Look,Light Fade,Dark,Stretchable,With belt loops,
320,MANGO,Women Navy Blue Super Skinny Low-Rise Clean Look Cropped Sustainable Push Up Jeans,Rs. 2093,Low-Rise,Cropped,Skinny Fit,,,,,,,12524418,Clean Look,Light Fade,Dark,Stretchable,With belt loops,
321,The Dry State,Women Blue Regular Fit Mid-Rise Clean Look Jeans,Rs. 659,Mid-Rise,Cropped,Jogger,,,,,,,11539506,Clean Look,Heavy Fade,Medium,Stretchable,Elasticated,
322,Levis,Women Blue Super Skinny Fit Mid-Rise Clean Look Stretchable Jeans 710,Rs. 1979,Mid-Rise,Regular,Super Skinny Fit,,,,,,,8315349,Clean Look,Light Fade,Medium,Stretchable,With belt loops,
323,Deal Jeans,Women Blue Slim Fit Mid-Rise Clean Look Cropped Stretchable Jeans,Rs. 1377,Mid-Rise,Regular,Slim Fit,,,,,,,2426938,Clean Look,Light Fade,Medium,Stretchable,With belt loops,
324,Roadster,Women Grey Skinny Fit Mid-Rise Clean Look Stretchable Cropped Jeans,Rs. 719,Mid-Rise,Cropped,Skinny Fit,,,,,,,11688466,Clean Look,Heavy Fade,Light,Stretchable,With belt loops,
325,Moda Rapido,Women Black Skinny Fit High-Rise Clean Look Stretchable Ankle-Length Jeans,Rs. 899,High-Rise,Cropped,Skinny Fit,,,,,,,9337805,Clean Look,No Fade,Dark,Stretchable,With belt loops,
326,Roadster,Women Black Skinny Fit Mid-Rise Low Distress Cropped Jeans,Rs. 594,Mid-Rise,Cropped,Skinny Fit,,,,,,,11226362,Low Distress,Heavy Fade,Medium,,With belt loops,Ripped
327,Tokyo Talkies,Women Navy Blue Super Skinny Fit Mid-Rise Clean Look Stretchable Jeans,Rs. 664,Mid-Rise,Regular,Super Skinny Fit,,,,,,,10841090,Clean Look,Light Fade,Medium,Stretchable,With belt loops,
328,Moda Rapido,Women Blue Skinny Fit Mid-Rise Clean Look Stretchable Jeans,Rs. 539,Mid-Rise,Cropped,Skinny Fit,,,,,,,10947014,Clean Look,No Fade,Light,Stretchable,With belt loops,
329,Provogue,Women Blue Bootcut Mid-Rise Clean Look Stretchable Jeans,Rs. 664,Mid-Rise,Regular,Bootcut,,,,,,,12123476,Clean Look,Light Fade,Dark,Stretchable,With belt loops,
330,Roadster,Women Blue Skinny Fit Mid-Rise Clean Look Stretchable Jeans,Rs. 524,Mid-Rise,Regular,Skinny Fit,,,,,,,11226236,Clean Look,Heavy Fade,Light,Stretchable,With belt loops,
331,Deal Jeans,Women Blue Skinny Fit Mid-Rise Clean Look Stretchable Jeans,Rs. 1377,Mid-Rise,Regular,Skinny Fit,,,,,,,2426934,Clean Look,Light Fade,Light,Stretchable,With belt loops,
332,Moda Rapido,Women Blue Ankle Skinny Fit Mid-Rise Clean Look Stretchable Jeans,Rs. 809,Mid-Rise,Cropped,Skinny Fit,,,,,,,11440400,Clean Look,Light Fade,Medium,Stretchable,With belt loops,
333,DressBerry,Women Blue Skinny Fit Mid-Rise Clean Look Stretchable Ankle Length Jeans,Rs. 1039,Mid-Rise,Cropped,Skinny Fit,,,,,,,10158723,Clean Look,Light Fade,Dark,Stretchable,With belt loops,
334,GAP,Women Navy Blue True Skinny Fit Mid-Rise Clean Look Stretchable Jeans,Rs. 1679,Mid-Rise,Regular,Skinny Fit,,,,,,,11278274,Clean Look,No Fade,Dark,Stretchable,With belt loops,
335,Pepe Jeans,Women Grey SILVER Super Skinny Fit Mid-Rise Clean Look Stretchable Jeans,Rs. 1099,Mid-Rise,Cropped,Super Skinny Fit,,,,,,,8799521,Clean Look,Heavy Fade,Light,Stretchable,With belt loops,
336,Vero Moda,Women Grey Skinny Fit Mid-Rise Low Distress Stretchable Jeans,Rs. 839,Mid-Rise,Regular,Skinny Fit,,,,,,,6798060,Low Distress,Light Fade,Medium,,With belt loops,Ripped
337,Hubberholme,Women Navy Blue Slim Fit High-Rise Clean Look Cropped Stretchable Jeans,Rs. 584,High-Rise,Cropped,Slim Fit,,,,,,,11928604,Clean Look,Light Fade,Dark,Stretchable,With belt loops,
338,HERE&amp;NOW,Women Blue Skinny Fit Mid-Rise Slash Knee Stretchable Cropped Jeans,Rs. 1033,Mid-Rise,Cropped,Skinny Fit,,,,,,,9717045,Slash Knee,Heavy Fade,Light,,With belt loops,Ripped
339,Deal Jeans,Women Blue Slim Fit High-Rise Clean Look Stretchable Jeans,Rs. 1497,High-Rise,Regular,Slim Fit,,,,,,,5420287,Clean Look,Light Fade,Light,Stretchable,With belt loops,
340,High Star,Women Black Slim Fit High-Rise Clean Look Stretchable Jeans,Rs. 831,High-Rise,Regular,Slim Fit,,,,,,,11554556,Clean Look,No Fade,Dark,Stretchable,With belt loops,
341,SPYKAR,Women Blue Adora Skinny Fit High-Rise Low Distressed Stretchable Ankle Jeans,Rs. 1199,High-Rise,Cropped,Skinny Fit,Adora,,,,,,10009623,Low Distress,Heavy Fade,Medium,,,Ripped
342,High Star,Women Black Slim Fit High-Rise Clean Look Stretchable Jeans,Rs. 825,High-Rise,Cropped,Slim Fit,,,,,,,11554552,Clean Look,No Fade,Dark,Stretchable,With belt loops,
343,High Star,Women Blue Slim Fit High-Rise Clean Look Stretchable Jeans,Rs. 853,High-Rise,Cropped,Slim Fit,,,,,,,11554548,Clean Look,Heavy Fade,Medium,Stretchable,With belt loops,
344,Xpose,Women White Slim Fit Mid-Rise Clean Look Stretchable Jeans,Rs. 1049,Mid-Rise,Regular,Slim Fit,,,,,,,4318231,Clean Look,No Fade,Light,Stretchable,With belt loops,
345,HERE&amp;NOW,Women Black Skinny Fit Mid-Rise Clean Look Stretchable Jeans,Rs. 719,Mid-Rise,Regular,Skinny Fit,,,,,,,2383795,Clean Look,No Fade,Dark,Stretchable,With belt loops,
346,Roadster,Women Black Super Skinny Fit Mid-Rise Clean Look Stretchable Cropped Jeans,Rs. 719,Mid-Rise,Cropped,Super Skinny Fit,,,,,,,11118526,Clean Look,Light Fade,Dark,Stretchable,With belt loops,
347,Deal Jeans,Women Blue Skinny Fit Mid-Rise Clean Look Stretchable Jeans,Rs. 1377,Mid-Rise,Regular,Skinny Fit,,,,,,,5420361,Clean Look,Light Fade,Dark,Stretchable,With belt loops,
348,High Star,Women White Slim Fit High-Rise Clean Look Stretchable Jeans,Rs. 804,High-Rise,Regular,Slim Fit,,,,,,,7289174,Clean Look,No Fade,Light,Stretchable,With belt loops,
349,Flying Machine,Women Navy Veronica Skinny Fit Mid-Rise Distress Stretchable Cropped Jeans,Rs. 809,Mid-Rise,Cropped,Skinny Fit,Veronica,,,,,,12318914,Low Distress,Light Fade,Dark,,,Cat Scratches
