,title,name,price,Waist Rise,Length,Fit,Brand Fit Name,Print or Pattern Type,Closure,Type of Pleat,Weave Type,Fly Type,productId,Fabric,Neck,Number of Pockets,Pattern,Sleeve Length,Surface Styling,Type,Occasion,Sustainable,Wash Care
0,SASSAFRAS,Women Maroon Solid Basic Jumpsuit,Rs. 999,,,,,,Button,,,,10308671,Polyester,Round Neck,2,Solid,Three-Quarter Sleeves,Waist Tie-Ups,Basic Jumpsuit,,,
1,Deewa,Women Mustard Yellow &amp; Blue Printed Cold-Shoulder Basic Jumpsuit,Rs. 747,,,,,,Concealed Zip,,,,10579784,Polyester,Mandarin Collar,2,Printed,Three-Quarter Sleeves,Gathers,Basic Jumpsuit,,,
2,SASSAFRAS,Black Solid Basic Jumpsuit,Rs. 999,,,,,,Button,,,,1052265,Polyester,Round Neck,2,Solid,Three-Quarter Sleeves,Gathers,Basic Jumpsuit,,,
3,Femella,Women Navy Blue Printed Basic Jumpsuit,Rs. 1899,,,,,,,,,,12707314,Viscose Rayon,V-Neck,2,Printed,Three-Quarter Sleeves,,Basic Jumpsuit,Casual,Regular,
4,Mayra,Women Multicoloured Striped Basic Jumpsuit,Rs. 698,,,,,,Zip,,,,10632026,Viscose Rayon,V-Neck,2,Striped,Sleeveless,Waist Tie-Ups,Basic Jumpsuit,,,
5,Marks &amp; Spencer,Women Beige Solid Basic Jumpsuit,Rs. 5999,,,,,,Button,,,,11913246,Linen,Shirt Collar,4,Solid,Short Sleeves,,,Casual,Regular,
6,Cottinfab,Women Black &amp; White Printed Basic Jumpsuit,Rs. 859,,,,,,Concealed Zip,,,,10053767,Polyester,Round Neck,2,Printed,Three-Quarter Sleeves,Waist Tie-Ups,Basic Jumpsuit,,,
7,FabAlley,Women Maroon Solid Basic Jumpsuit,Rs. 1100,,,,,,,,,,10956970,Polyester,Shoulder Straps,2,Solid,Short Sleeves,,Basic Jumpsuit,,,Machine Wash
8,DOROTHY PERKINS,Women Navy Blue &amp; Green Tropical Print Basic Jumpsuit,Rs. 3003,,,,,,Button,,,,12026058,Viscose Rayon,V-Neck,,Printed,Sleeveless,,Basic Jumpsuit,,,Machine Wash
9,DOROTHY PERKINS,Women Black &amp; White Front Tie-Up Petite Printed Basic Jumpsuit,Rs. 2983,,,,,,Concealed Zip,,,,12666288,Viscose Rayon,Sweetheart Neck,,Printed,Short Sleeves,,Basic Jumpsuit,Casual,Regular,
10,Deewa,Women Black &amp; Off-White Striped Basic Jumpsuit,Rs. 755,,,,,,Button,,,,11745734,Polyester,Shirt Collar,2,Striped,Three-Quarter Sleeves,,,Casual,Regular,
11,KASSUALLY,Women Black Solid Basic Jumpsuit,Rs. 645,,,,,,Concealed Zip,,,,10523378,Polyester,V-Neck,,Solid,Three-Quarter Sleeves,Embellished,Basic Jumpsuit,,,Hand Wash
12,Kazo,Women Rust Brown Solid Basic Jumpsuit,Rs. 3490,,,,,,Concealed Zip,,,,12809766,Polyester,Off-Shoulder,,Solid,Sleeveless,Gathers,,Casual,Regular,
13,Kazo,Women Green Solid Basic Jumpsuit,Rs. 3990,,,,,,Button,,,,12809792,Polyester,Round Neck,,Solid,Sleeveless,Embellished,,Casual,Regular,
14,Miss Chase,Women Maroon Sequinned Basic Jumpsuit,Rs. 1304,,,,,,Zip,,,,11288546,Polyester,Halter Neck,,Solid,Sleeveless,Embellished,Basic Jumpsuit,,,Hand Wash
15,MABISH by Sonal Jain,Green &amp; Golden Block Print Basic Jumpsuit,Rs. 1430,,,,,,Concealed Zip,,,,7797245,Viscose Rayon,V-Neck,,Printed,Sleeveless,,Basic Jumpsuit,,,Hand Wash
16,Cottinfab,Olive Green Solid Cold-Shoulder Jumpsuit,Rs. 860,,,,,,Concealed Zip,,,,7846797,Polyester,Round Neck,2,Solid,Short Sleeves,Waist Tie-Ups,Basic Jumpsuit,,,
17,Cottinfab,Women Burgundy Solid Basic Jumpsuit,Rs. 835,,,,,,Concealed Zip,,,,10961164,Polyester,Round Neck,,Solid,Sleeveless,Gathers,Basic Jumpsuit,,,Machine Wash
18,DOROTHY PERKINS,Women Black &amp; Off-White Printed Off-Shoulder Basic Jumpsuit,Rs. 1794,,,,,,,,,,12126394,Viscose Rayon,Off-Shoulder,2,Printed,Sleeveless,Gathers,Basic Jumpsuit,,,Machine Wash
19,Athena,Women Pink Solid Basic Jumpsuit,Rs. 1249,,,,,,Concealed Zip,,,,11634540,Polyester,Round Neck,,Solid,Sleeveless,,Basic Jumpsuit,,,Hand Wash
20,SIRIKIT,Women Mustard Brown &amp; Black Striped Basic Jumpsuit,Rs. 664,,,,,,Concealed Zip,,,,12040610,Polyester,Shoulder Straps,,Striped,Sleeveless,,Basic Jumpsuit,,,Machine Wash
21,StyleStone,Women Blue Denim Jumpsuit,Rs. 879,,,,,,,,,,1893076,Cotton,Shirt Collar,,Solid,Sleeveless,,,,,Machine Wash
22,Mast &amp; Harbour,Women Teal Blue Solid Basic Jumpsuit,Rs. 1099,,,,,,Button,,,,12204574,Viscose Rayon,Shirt Collar,2,Solid,Three-Quarter Sleeves,Waist Tie-Ups,,Casual,,
23,FabAlley,Women Green &amp; White Striped Basic Jumpsuit,Rs. 1100,,,,,,,,,,10957104,Polyester,V-Neck,2,Striped,Sleeveless,,Basic Jumpsuit,,,Machine Wash
24,Sera,Blue &amp; Peach-Coloured Printed Playsuit,Rs. 647,,,,,,,,,,3452046,Polyester,Shoulder Straps,,Printed,Sleeveless,Gathers,Playsuit,,,Machine Wash
25,Miss Chase,Burgundy Solid Stylised Neck Party Jumpsuit,Rs. 1159,,,,,,Zip,,,,10807960,Polyester,Cowl Neck,2,Solid,Sleeveless,,Basic Jumpsuit,,,Hand Wash
26,GERUA,Women Yellow &amp; White Printed Culotte Jumpsuit,Rs. 499,,,,,,Concealed Zip,,,,10520920,Cotton,Round Neck,2,Printed,Sleeveless,Gathers,Culotte Jumpsuit,,,
27,Cottinfab,Women Mustard Yellow Solid Basic Jumpsuit,Rs. 859,,,,,,Concealed Zip,,,,10053761,Polyester,Round Neck,,Solid,Sleeveless,Gathers,Basic Jumpsuit,,,Machine Wash
28,Cottinfab,Women Green Solid Basic Jumpsuit,Rs. 859,,,,,,Button,,,,10053779,Polyester,Shirt Collar,2,Solid,Short Sleeves,Waist Tie-Ups,Basic Jumpsuit,,,
29,Miss Chase,Black Solid Basic Jumpsuit,Rs. 1999,,,,,,Concealed Zip,,,,10429890,Polyester,Round Neck,2,Solid,Three-Quarter Sleeves,,Basic Jumpsuit,,,Hand Wash
30,StyleStone,Women Maroon Printed Jumpsuit,Rs. 719,,,,,,,,,,2230691,Polyester,V-Neck,,Printed,Sleeveless,Waist Tie-Ups,Culotte Jumpsuit,,,Machine Wash
31,FabAlley,Women Pink &amp; Black Striped Basic Jumpsuit,Rs. 1100,,,,,,Concealed Zip,,,,11466784,Viscose Rayon,Shoulder Straps,2,Striped,Sleeveless,,Basic Jumpsuit,,,Machine Wash
32,SIRIKIT,Women Black &amp; White Printed Basic Jumpsuit,Rs. 664,,,,,,Concealed Zip,,,,11752310,Polyester,Square Neck,,Printed,Sleeveless,,Basic Jumpsuit,,,Machine Wash
33,Miss Chase,White Sequined Panel Party Jumpsuit,Rs. 1279,,,,,,Zip,,,,10807970,Polyester,Halter Neck,2,Solid,Sleeveless,Embellished,Basic Jumpsuit,,,
34,Sera,Women Off-White &amp; Pink Printed Basic Jumpsuit,Rs. 947,,,,,,Concealed Zip,,,,10783332,Viscose Rayon,Round Neck,,Printed,Sleeveless,Gathers,Basic Jumpsuit,,,Machine Wash
35,Shae by SASSAFRAS,Women Off-White &amp; Mustard Yellow Ikat Print Basic Cropped Jumpsuit,Rs. 719,,,,,,Hook,,,,11636344,Cotton,Round Neck,2,Printed,Short Sleeves,Waist Tie-Ups,Basic Jumpsuit,,,
36,Mast &amp; Harbour,Women White &amp; Blue Striped Playsuit,Rs. 1169,,,,,,Button,,,,11304258,Viscose Rayon,V-Neck,2,Striped,Short Sleeves,Gathers,,Casual,,
37,DressBerry,Women Navy Blue Solid Cropped Basic Jumpsuit,Rs. 629,,,,,,Concealed Zip,,,,11272508,Polyester,Round Neck,2,Solid,Sleeveless,Layered,Basic Jumpsuit,,,
38,Uptownie Lite,Women Green Solid Basic Jumpsuit,Rs. 850,,,,,,Zip,,,,11322088,Polyester,Round Neck,,Solid,Short Sleeves,Ruffles,Basic Jumpsuit,,,Machine Wash
39,Crimsoune Club,Women Orange Printed Basic Jumpsuit,Rs. 1399,,,,,,Zip,,,,12485540,Cotton,Round Neck,2,Printed,Three-Quarter Sleeves,,Basic Jumpsuit,Casual,,
40,Zima Leto,Women Pink &amp; Green Floral Print Basic Jumpsuit,Rs. 881,,,,,,Concealed Zip,,,,10881760,Polyester,V-Neck,,Printed,Short Sleeves,,Basic Jumpsuit,,,Machine Wash
41,Athena,Women Black Solid Basic Jumpsuit,Rs. 1249,,,,,,Concealed Zip,,,,11644204,Polyester,Shawl Neck,2,Solid,Sleeveless,,Basic Jumpsuit,,,Hand Wash
42,Athena,Women Burgundy Solid Basic Jumpsuit,Rs. 1749,,,,,,,,,,11634534,Polyester,Shoulder Straps,2,Solid,Sleeveless,,Basic Jumpsuit,,,Hand Wash
43,SASSAFRAS,Women Maroon Solid Basic Jumpsuit,Rs. 769,,,,,,,,,,10833302,Polyester,Off-Shoulder,,Solid,Short Sleeves,,Basic Jumpsuit,,,Dry Clean
44,U&amp;F,Women Grey &amp; White Floral Printed Cropped Basic Jumpsuit,Rs. 577,,,,,,Concealed Zip,,,,12349228,Polyester,Square Neck,2,Printed,Short Sleeves,Ruffles,,Casual,,
45,MsFQ,Multicoloured Printed Basic Jumpsuit,Rs. 930,,,,,,Concealed Zip,,,,9073231,Viscose Rayon,V-Neck,,Printed,Short Sleeves,,Basic Jumpsuit,,,Machine Wash
46,MANGO,Women Yellow Solid Cropped Basic Jumpsuit,Rs. 3354,,,,,,Concealed Zip,,,,11842364,Polyester,V-Neck,,Solid,Short Sleeves,Ruffles,Basic Jumpsuit,,,Machine Wash
47,FabAlley,Women Yellow &amp; Black Striped Basic Jumpsuit,Rs. 1100,,,,,,Concealed Zip,,,,10339121,Polyester,Shoulder Straps,2,Striped,Sleeveless,Waist Tie-Ups,Basic Jumpsuit,,,
48,Jompers,Women Purple Solid Basic Jumpsuit,Rs. 989,,,,,,Concealed Zip,,,,11526270,Polyester,V-Neck,2,Solid,Long Sleeves,Waist Tie-Ups,Basic Jumpsuit,,,
49,MABISH by Sonal Jain,Women Pink &amp; Golden Dhoti Style Printed Basic Jumpsuit,Rs. 1594,,,,,,Concealed Zip,,,,10800222,Viscose Rayon,Mandarin Collar,,Printed,Three-Quarter Sleeves,Ruffles,Basic Jumpsuit,,,Dry Clean
50,Deewa,Women Red &amp; Black Printed Cold-Shoulder Basic Jumpsuit,Rs. 747,,,,,,Button,,,,10579786,Polyester,Mandarin Collar,2,Printed,Three-Quarter Sleeves,Gathers,Basic Jumpsuit,,,
51,KASSUALLY,Women Mustard Yellow Solid Basic Jumpsuit,Rs. 696,,,,,,,,,,11334574,Polyester,V-Neck,,Solid,Sleeveless,Gathers,Basic Jumpsuit,,,Hand Wash
52,Uptownie Lite,Women Burgundy Solid Basic Jumpsuit with Belt,Rs. 791,,,,,,Concealed Zip,,,,11234652,Polyester,Round Neck,2,Solid,Sleeveless,,Basic Jumpsuit,,,Machine Wash
53,Moda Rapido,Black Solid Culotte Jumpsuit,Rs. 899,,,,,,,,,,8785797,Polyester,V-Neck,2,Solid,Long Sleeves,Gathers,Culotte Jumpsuit,,,Machine Wash
54,Athena,Women Black Solid Basic Jumpsuit,Rs. 1749,,,,,,Concealed Zip,,,,11634538,Polyester,Shoulder Straps,2,Solid,Sleeveless,,Basic Jumpsuit,,,Hand Wash
55,Athena,Women Pink Solid Basic Jumpsuit,Rs. 1749,,,,,,Concealed Zip,,,,11634546,Polyester,Shoulder Straps,2,Solid,Sleeveless,,Basic Jumpsuit,,,Hand Wash
56,PURYS,Women Navy Blue &amp; Coral Striped Playsuit,Rs. 688,,,,,,,,,,6382209,Polyester,Round Neck,2,Striped,Sleeveless,,Playsuit,,,Machine Wash
57,FabAlley,Women Maroon Solid Basic Jumpsuit,Rs. 1100,,,,,,,,,,10956970,Polyester,Shoulder Straps,2,Solid,Short Sleeves,,Basic Jumpsuit,,,Machine Wash
58,Athena,Women White Solid Basic Jumpsuit,Rs. 1224,,,,,,Zip,,,,11634548,Polyester,Off-Shoulder,,Solid,Short Sleeves,,Basic Jumpsuit,,,Hand Wash
59,MABISH by Sonal Jain,Women Green &amp; Golden Printed Basic Jumpsuit,Rs. 1367,,,,,,Concealed Zip,,,,10800242,Viscose Rayon,V-Neck,,Printed,Sleeveless,,Basic Jumpsuit,,,Dry Clean
60,Athena,Women Green Solid Basic Jumpsuit,Rs. 1249,,,,,,Concealed Zip,,,,11644200,Polyester,Shawl Neck,2,Solid,Sleeveless,,Basic Jumpsuit,,,Hand Wash
61,Tokyo Talkies,Women Navy Blue Solid Basic Jumpsuit,Rs. 804,,,,,,Button,,,,10923656,Cotton,Mandarin Collar,,Solid,Three-Quarter Sleeves,,Basic Jumpsuit,,,Machine Wash
62,MANGO,Women Red Solid One-Shoulder Cropped Basic Jumpsuit,Rs. 3354,,,,,,Concealed Zip,,,,11842366,Polyester,Off-Shoulder,,Solid,Short Sleeves,Ruffles,Basic Jumpsuit,,,Machine Wash
63,Cottinfab,Mustard Yellow Solid Cold-Shoulder Jumpsuit,Rs. 779,,,,,,Concealed Zip,,,,7846771,Polyester,Round Neck,2,Solid,Three-Quarter Sleeves,Waist Tie-Ups,Basic Jumpsuit,,,
64,Divena,Women Maroon Printed Basic Jumpsuit,Rs. 1399,,,,,,Concealed Zip,,,,10987770,Viscose Rayon,Round Neck,,Printed,Short Sleeves,,Basic Jumpsuit,,,Dry Clean
65,FabAlley,Women Green &amp; White Striped Basic Jumpsuit,Rs. 1100,,,,,,,,,,10957104,Polyester,V-Neck,2,Striped,Sleeveless,,Basic Jumpsuit,,,Machine Wash
66,Marie Claire,Brown Solid Basic Jumpsuit,Rs. 1214,,,,,,Zip,,,,7467395,Polyester,V-Neck,,Solid,Sleeveless,Layered,Basic Jumpsuit,,,Hand Wash
67,DressBerry,Women Red &amp; Black Striped Culotte Jumpsuit,Rs. 1043,,,,,,Concealed Zip,,,,10162631,Polyester,V-Neck,2,Striped,Short Sleeves,,Culotte Jumpsuit,,,Machine Wash
68,Divena,Women Black Printed  Dhoti Style Jumpsuit,Rs. 1399,,,,,,Concealed Zip,,,,10987764,Cotton,Round Neck,,Printed,Short Sleeves,,Basic Jumpsuit,,,Dry Clean
69,H&amp;M,Women Silver-Toned Sequined Playsuit,Rs. 2999,,,,,,,,,,12772970,Polyester,V-Neck,,Self Design,Long Sleeves,Embellished,Playsuit,Party,Regular,
70,Eavan,Women Blue Solid Basic Jumpsuit,Rs. 1439,,,,,,Concealed Zip,,,,12515866,Polyester,Round Neck,2,Solid,Three-Quarter Sleeves,,,Casual,Regular,
71,MAGRE,Women Black Solid Basic Jumpsuit,Rs. 1349,,,,,,Concealed Zip,,,,11106450,Polyester,V-Neck,,Solid,Sleeveless,,Basic Jumpsuit,,,Hand Wash
72,MANGO,Women Off-White Solid One-Shoulder Cropped Basic Jumpsuit,Rs. 3354,,,,,,Concealed Zip,,,,11842368,Polyester,Off-Shoulder,,Solid,Short Sleeves,Ruffles,Basic Jumpsuit,,,Machine Wash
73,FabAlley,Women Pink &amp; Black Striped Basic Jumpsuit,Rs. 1100,,,,,,Concealed Zip,,,,11466784,Viscose Rayon,Shoulder Straps,2,Striped,Sleeveless,,Basic Jumpsuit,,,Machine Wash
74,Ives,Women Olive Green Solid Basic Jumpsuit,Rs. 749,,,,,,Button,,,,12016622,Polyester,V-Neck,,Solid,Short Sleeves,Waist Tie-Ups,Basic Jumpsuit,,,Machine Wash
75,Ives,Women Brown Solid Basic Jumpsuit,Rs. 749,,,,,,Button,,,,10262453,Polyester,V-Neck,,Solid,Short Sleeves,,Basic Jumpsuit,,,Machine Wash
76,AND,Women Navy Blue &amp; Grey Solid Basic Jumpsuit,Rs. 899,,,,,,Zip,,,,10558422,Cotton,Round Neck,2,Solid,Short Sleeves,Gathers,Basic Jumpsuit,,,
77,DOROTHY PERKINS,Petite Women Black &amp; Pink Floral Printed Basic Jumpsuit,Rs. 2994,,,,,,Button,,,,12311156,Viscose Rayon,V-Neck,2,Printed,Short Sleeves,,Basic Jumpsuit,Casual,,
78,H&amp;M,Black &amp; White Patterned Playsuit,Rs. 1499,,,,,,,,,,12507582,Viscose Rayon,Shoulder Straps,2,Printed,Sleeveless,,Playsuit,Casual,Regular,
79,U&amp;F,Women Pink &amp; Black Printed Basic Jumpsuit,Rs. 611,,,,,,Concealed Zip,,,,11028542,Polyester,Round Neck,2,Printed,Short Sleeves,,Basic Jumpsuit,,,Machine Wash
80,Deewa,Women Yellow &amp; Navy Blue Striped Cold-Shoulder Basic Jumpsuit,Rs. 759,,,,,,Button,,,,11745704,Polyester,Shirt Collar,2,Striped,Short Sleeves,Gathers,Basic Jumpsuit,,,
81,Crimsoune Club,Women Orange Printed Basic Jumpsuit,Rs. 1399,,,,,,Zip,,,,12485540,Cotton,Round Neck,2,Printed,Three-Quarter Sleeves,,Basic Jumpsuit,Casual,,
82,MANGO,Women Blue Denim Solid Basic Jumpsuit,Rs. 4192,,,,,,Button,,,,12677068,Cotton,Shirt Collar,2,Solid,Long Sleeves,,,Casual,Regular,
83,MABISH by Sonal Jain,Women Green &amp; Golden Dhoti Style Printed Basic Jumpsuit,Rs. 1594,,,,,,Concealed Zip,,,,10800250,Viscose Rayon,Mandarin Collar,,Printed,Three-Quarter Sleeves,Layered,Basic Jumpsuit,,,Dry Clean
84,Tokyo Talkies,Women Black &amp; White Checked Basic Jumpsuit with Belt,Rs. 874,,,,,,Concealed Zip,,,,10051297,Polyester,Round Neck,2,Checked,Sleeveless,,Basic Jumpsuit,,,Machine Wash
85,QUIERO,Women Navy Blue &amp; White Floral Print Buttib Front Jumpsuit,Rs. 794,,,,,,Button,,,,8856657,Polyester,Shoulder Straps,2,Printed,Sleeveless,,Basic Jumpsuit,,,Machine Wash
86,Tokyo Talkies,Women Brown &amp; Grey Snake Printed Basic Jumpsuit,Rs. 674,,,,,,,,,,12479220,Viscose Rayon,V-Neck,2,Printed,Short Sleeves,Waist Tie-Ups,Basic Jumpsuit,Casual,,
87,KASSUALLY,Women Navy Blue Solid Basic Jumpsuit,Rs. 696,,,,,,Concealed Zip,,,,11334570,Polyester,Round Neck,2,Solid,Sleeveless,Embellished,Basic Jumpsuit,,,
88,Cottinfab,Women Burgundy Solid Basic Jumpsuit,Rs. 859,,,,,,Button,,,,10053731,Polyester,Shirt Collar,2,Solid,Three-Quarter Sleeves,Waist Tie-Ups,Basic Jumpsuit,,,
89,FabAlley,Women Yellow &amp; Black Striped Basic Jumpsuit,Rs. 1100,,,,,,Concealed Zip,,,,10339121,Polyester,Shoulder Straps,2,Striped,Sleeveless,Waist Tie-Ups,Basic Jumpsuit,,,
90,Marks &amp; Spencer,Women Navy Blue &amp; White Star Print Basic Cropped Jumpsuit,Rs. 3499,,,,,,Button,,,,12160590,Viscose Rayon,Round Neck,2,Printed,Sleeveless,Gathers,Basic Jumpsuit,,,
91,U&amp;F,Women Black &amp; Brown Printed Basic Jumpsuit,Rs. 611,,,,,,Concealed Zip,,,,11028536,Polyester,Round Neck,2,Printed,Short Sleeves,,Basic Jumpsuit,,,Machine Wash
92,DOROTHY PERKINS,Women  Orange &amp; White Printed Culotte Jumpsuit,Rs. 2793,,,,,,Concealed Zip,,,,10270539,Polyester,Shoulder Straps,,Printed,Sleeveless,,Culotte Jumpsuit,,,Machine Wash
93,Sera,Women Burgundy Solid Playsuit with Side Knot,Rs. 896,,,,,,,,,,11635508,Viscose Rayon,V-Neck,,Solid,Short Sleeves,Waist Tie-Ups,Playsuit,,,Machine Wash
94,Sera,Women Black &amp; Multicoloured Printed Playsuit,Rs. 647,,,,,,,,,,2519208,Polyester,Boat Neck,,Printed,Sleeveless,Gathers,Playsuit,,,Machine Wash
95,StyleStone,Women Black Solid Denim Basic Jumpsuit,Rs. 879,,,,,,Button,,,,10702300,Cotton,Mandarin Collar,2,Solid,Sleeveless,,Basic Jumpsuit,,,Machine Wash
96,FabAlley,Women Navy Blue &amp; Maroon Striped Basic Jumpsuit,Rs. 1100,,,,,,Zip,,,,12429946,Polyester,Shoulder Straps,2,Striped,Sleeveless,,Basic Jumpsuit,Casual,,
97,MABISH by Sonal Jain,Maroon Solid One-Shoulder Dhoti Style Jumpsuit,Rs. 999,,,,,,Concealed Zip,,,,7585442,Viscose Rayon,Off-Shoulder,,Solid,Short Sleeves,Waist Tie-Ups,Basic Jumpsuit,,,Dry Clean
98,Athena,Blue &amp; White Printed Cropped Jumpsuit,Rs. 918,,,,,,Concealed Zip,,,,7190365,Polyester,Round Neck,2,Printed,Sleeveless,,Basic Jumpsuit,,,Hand Wash
99,Sera,Women Black Solid Playsuit with Side Knot,Rs. 896,,,,,,,,,,11635548,Viscose Rayon,V-Neck,,Solid,Short Sleeves,Waist Tie-Ups,Playsuit,,,Machine Wash
100,Vishudh,Women Grey Striped Basic Jumpsuit,Rs. 1199,,,,,,Button,,,,12395302,Cotton,Shawl Neck,2,Striped,Three-Quarter Sleeves,Layered,,Casual,,
101,SASSAFRAS,Women Black Solid Cropped Basic Tube Jumpsuit,Rs. 989,,,,,,,,,,12221918,Polyester,Strapless,,Solid,Sleeveless,Waist Tie-Ups,Basic Jumpsuit,,,Machine Wash
102,Mayra,Women Black Striped Basic Jumpsuit,Rs. 733,,,,,,Button,,,,12390404,Polyester,Shirt Collar,,Striped,Sleeveless,,Basic Jumpsuit,Casual,,Dry Clean
103,U&amp;F,Women Navy Blue &amp; White Striped Basic Jumpsuit,Rs. 611,,,,,,Concealed Zip,,,,11028552,Polyester,Round Neck,2,Striped,Short Sleeves,,Basic Jumpsuit,,,Machine Wash
104,Mayra,Women Olive Green &amp; Yellow Striped Basic Jumpsuit,Rs. 698,,,,,,,,,,11235594,Polyester,V-Neck,,Striped,Sleeveless,,Basic Jumpsuit,,,Hand Wash
105,Sera,Women Black &amp; Green Printed Basic Jumpsuit,Rs. 947,,,,,,Concealed Zip,,,,10783308,Viscose Rayon,Round Neck,,Printed,Sleeveless,Gathers,Basic Jumpsuit,,,Machine Wash
106,FabAlley,Women Maroon Solid Basic Jumpsuit,Rs. 1100,,,,,,,,,,10956970,Polyester,Shoulder Straps,2,Solid,Short Sleeves,,Basic Jumpsuit,,,Machine Wash
107,Cottinfab,Women Navy Blue &amp; White Printed Basic Jumpsuit,Rs. 835,,,,,,Concealed Zip,,,,10658324,Polyester,V-Neck,2,Printed,Short Sleeves,Waist Tie-Ups,Basic Jumpsuit,,,
108,Mast &amp; Harbour,Women Olive Green Solid Basic Jumpsuit,Rs. 1149,,,,,,Button,,,,12204580,Viscose Rayon,Shirt Collar,4,Solid,Three-Quarter Sleeves,,Basic Jumpsuit,Casual,,
109,DressBerry,Women Mustard Yellow Solid Culotte Jumpsuit,Rs. 899,,,,,,Button,,,,11680774,Polyester,Round Neck,,Solid,Sleeveless,,Culotte Jumpsuit,Casual,,Machine Wash
110,Tokyo Talkies,Women Maroon Solid Basic Jumpsuit,Rs. 689,,,,,,Concealed Zip,,,,12009524,Polyester,Round Neck,,Solid,Sleeveless,,Basic Jumpsuit,,,Machine Wash
111,Mayra,Women Mustard Yellow Solid Basic Jumpsuit,Rs. 698,,,,,,,,,,11235620,Polyester,Shoulder Straps,,Solid,Sleeveless,,Basic Jumpsuit,,,Hand Wash
112,MANGO,Women Beige &amp; Green Tropical Print Basic Jumpsuit with Satin Finish,Rs. 3913,,,,,,,,,,12523676,Polyester,Shawl Neck,2,Printed,Short Sleeves,,Basic Jumpsuit,Casual,Regular,
113,Deewa,Women Pink &amp; Blue Printed Cold-Shoulder Basic Jumpsuit,Rs. 747,,,,,,Concealed Zip,,,,10579778,Polyester,Round Neck,,Printed,Three-Quarter Sleeves,Gathers,Basic Jumpsuit,,,Machine Wash
114,FabAlley,Women Green &amp; White Striped Basic Jumpsuit,Rs. 1100,,,,,,,,,,10957104,Polyester,V-Neck,2,Striped,Sleeveless,,Basic Jumpsuit,,,Machine Wash
115,Miss Chase,Women Black Printed Basic Jumpsuit,Rs. 1999,,,,,,Button,,,,11309202,Polyester,Shirt Collar,2,Printed,Short Sleeves,,Basic Jumpsuit,,,Hand Wash
116,Mayra,Women Navy Blue &amp; White Striped Cropped Basic Jumpsuit,Rs. 628,,,,,,Zip,,,,10632122,Polyester,Round Neck,2,Striped,Short Sleeves,Waist Tie-Ups,Basic Jumpsuit,,,
117,ATRAENTA,Women Black &amp; Olive Green Floral Print Net Basic Jumpsuit,Rs. 2759,,,,,,Concealed Zip,,,,12490636,Polyester,Round Neck,,Printed,Short Sleeves,Gathers,,Casual,Regular,
118,The Vanca,Women Maroon Solid Basic Jumpsuit,Rs. 879,,,,,,Concealed Zip,,,,10793814,Polyester,V-Neck,2,Solid,Short Sleeves,Waist Tie-Ups,Basic Jumpsuit,,,
119,Jompers,Women Burgundy Solid Basic Jumpsuit,Rs. 798,,,,,,Concealed Zip,,,,11526280,Polyester,Shoulder Straps,2,Solid,Sleeveless,Embellished,Basic Jumpsuit,,,
120,SASSAFRAS,Women Beige Solid Twill Tapered Basic Jumpsuit,Rs. 1264,,,,,,Button,,,,12222066,Cotton,Shirt Collar,4,Solid,Short Sleeves,,Basic Jumpsuit,,,Machine Wash
121,Vero Moda,Women Black Solid Basic Jumpsuit,Rs. 1799,,,,,,Concealed Zip,,,,11690400,Cotton,Round Neck,2,Solid,Sleeveless,Waist Tie-Ups,Basic Jumpsuit,,,
122,FabAlley,Women Pink &amp; Black Striped Basic Jumpsuit,Rs. 1100,,,,,,Concealed Zip,,,,11466784,Viscose Rayon,Shoulder Straps,2,Striped,Sleeveless,,Basic Jumpsuit,,,Machine Wash
123,WoowZerz,Women Peach-Coloured Slim Fit Off-Shoulder Layered Solid Basic Jumpsuit,Rs. 2026,,,,,,Concealed Zip,,,,12052880,Polyester,Off-Shoulder,2,Solid,Short Sleeves,Ruffles,Basic Jumpsuit,,,
124,DOROTHY PERKINS,Petite Women Black &amp; Pink Floral Printed Basic Jumpsuit,Rs. 2994,,,,,,Button,,,,12311156,Viscose Rayon,V-Neck,2,Printed,Short Sleeves,,Basic Jumpsuit,Casual,,
125,SIRIKIT,Women Black &amp; White Striped Culotte Jumpsuit,Rs. 664,,,,,,Button,,,,11752324,Polyester,V-Neck,,Striped,Short Sleeves,,Culotte Jumpsuit,,,Machine Wash
126,Mayra,Women Blue &amp; White Printed Basic Jumpsuit,Rs. 598,,,,,,,,,,11063370,Polyester,Round Neck,,Printed,Sleeveless,,Basic Jumpsuit,,,Machine Wash
127,Kazo,Women Black Self Design Basic Jumpsuit,Rs. 3990,,,,,,Zip,,,,11611828,Polyester,Round Neck,,Self Design,Long Sleeves,Lace Inserts,Basic Jumpsuit,,,Machine Wash
128,Nun,Navy Blue &amp; White Striped Basic Jumpsuit,Rs. 1032,,,,,,Button,,,,9694967,Polyester,Shirt Collar,2,Striped,Short Sleeves,,Basic Jumpsuit,,,Machine Wash
129,Eavan,Women Peach-Coloured &amp; Purple Colourblocked Basic Jumpsuit,Rs. 1979,,,,,,Concealed Zip,,,,12515848,Polyester,V-Neck,2,Colourblocked,Three-Quarter Sleeves,Lace Inserts,,Casual,,
130,Crimsoune Club,Women Orange Printed Basic Jumpsuit,Rs. 1399,,,,,,Zip,,,,12485540,Cotton,Round Neck,2,Printed,Three-Quarter Sleeves,,Basic Jumpsuit,Casual,,
131,Shae by SASSAFRAS,Women Beige &amp; Blue Ikat Print Basic Cropped Jumpsuit,Rs. 719,,,,,,Hook,,,,11636284,Cotton,Round Neck,2,Printed,Short Sleeves,Waist Tie-Ups,Basic Jumpsuit,,,
132,Mast &amp; Harbour,Women Rust Orange Solid Cropped Basic Jumpsuit,Rs. 1099,,,,,,Button,,,,12204578,Viscose Rayon,Shirt Collar,2,Solid,Three-Quarter Sleeves,Waist Tie-Ups,,Casual,,
133,AND,Women Camel Brown Solid Culotte Jumpsuit,Rs. 1119,,,,,,Button,,,,11141102,Polyester,Round Neck,,Solid,Short Sleeves,Waist Tie-Ups,Culotte Jumpsuit,,,Machine Wash
134,MANGO,Women Beige &amp; Off-White Floral Printed Wrap Jumpsuit With Belt,Rs. 3354,,,,,,Button,,,,11842398,Polyester,V-Neck,2,Printed,Sleeveless,,Basic Jumpsuit,,,Machine Wash
135,HERE&amp;NOW,Women Green &amp; Blue Printed Playsuit,Rs. 799,,,,,,Hook,,,,10197069,Polyester,V-Neck,2,Printed,Long Sleeves,Gathers,Playsuit,,,
136,Berrylush,Women Olive Green Solid Capri Jumpsuit,Rs. 816,,,,,,,,,,11132832,Polyester,Round Neck,2,Solid,Sleeveless,Waist Tie-Ups,Capri Jumpsuit,,,Machine Wash
137,Jompers,Women Burgundy Solid Basic Jumpsuit,Rs. 1999,,,,,,Concealed Zip,,,,11969108,Polyester,V-Neck,2,Solid,Long Sleeves,Waist Tie-Ups,Basic Jumpsuit,,,
138,FabAlley,Women Yellow &amp; Black Striped Basic Jumpsuit,Rs. 1100,,,,,,Concealed Zip,,,,10339121,Polyester,Shoulder Straps,2,Striped,Sleeveless,Waist Tie-Ups,Basic Jumpsuit,,,
139,MABISH by Sonal Jain,Women Blue &amp; Golden Printed Basic Jumpsuit,Rs. 1367,,,,,,Concealed Zip,,,,10800262,Viscose Rayon,V-Neck,,Printed,Sleeveless,,Basic Jumpsuit,,,Dry Clean
140,DressBerry,Women Olive Green Solid Basic Jumpsuit,Rs. 1032,,,,,,Button,,,,11272084,Polyester,Shirt Collar,,Solid,Short Sleeves,Waist Tie-Ups,,Casual,Regular,
141,FabAlley,Women Blue Solid Tie-Up Wrap Jumpsuit,Rs. 1100,,,,,,Concealed Zip,,,,10431376,Polyester,V-Neck,2,Solid,Short Sleeves,Waist Tie-Ups,Basic Jumpsuit,,,
142,Global Desi,Women Coral Pink Printed Basic Jumpsuit with Tie-up,Rs. 3999,,,,,,Button,,,,12092552,Viscose Rayon,V-Neck,,Printed,Three-Quarter Sleeves,Waist Tie-Ups,Basic Jumpsuit,,,Hand Wash
143,DOROTHY PERKINS,Women  Orange &amp; White Printed Culotte Jumpsuit,Rs. 2793,,,,,,Concealed Zip,,,,10270539,Polyester,Shoulder Straps,,Printed,Sleeveless,,Culotte Jumpsuit,,,Machine Wash
144,Cottinfab,Women Burgundy Solid Playsuit,Rs. 684,,,,,,Button,,,,10053781,Polyester,Shirt Collar,2,Solid,Three-Quarter Sleeves,Waist Tie-Ups,Playsuit,,,
145,MANGO,Women Off-White Solid Pleated Basic Jumpsuit,Rs. 1615,,,,,,Button,,,,11842374,Polyester,V-Neck,,Solid,Sleeveless,,Basic Jumpsuit,,,Machine Wash
146,FabAlley,Women Navy Blue &amp; Maroon Striped Basic Jumpsuit,Rs. 1100,,,,,,Zip,,,,12429946,Polyester,Shoulder Straps,2,Striped,Sleeveless,,Basic Jumpsuit,Casual,,
147,ONLY,Women Charcoal Grey &amp; Off-White Printed Basic Jumpsuit,Rs. 1664,,,,,,,,,,10531706,Viscose Rayon,Shoulder Straps,,Printed,Three-Quarter Sleeves,Gathers,Basic Jumpsuit,,,Machine Wash
148,Sera,Black &amp; White Printed Playsuit,Rs. 647,,,,,,,,,,1923939,Polyester,Round Neck,,Printed,Sleeveless,,,,,Machine Wash
149,Uptownie Lite,Women Black Solid Basic Jumpsuit,Rs. 799,,,,,,Button,,,,11449676,Polyester,Round Neck,2,Solid,Three-Quarter Sleeves,Waist Tie-Ups,Basic Jumpsuit,,,
150,Uptownie Lite,Women Black Solid Basic Jumpsuit with Belt,Rs. 791,,,,,,Concealed Zip,,,,11234642,Polyester,Round Neck,2,Solid,Sleeveless,,Basic Jumpsuit,,,Machine Wash
151,DressBerry,Women Navy Blue &amp; Yellow Printed Culotte Jumpsuit,Rs. 594,,,,,,Concealed Zip,,,,11182922,Polyester,Shoulder Straps,2,Printed,Sleeveless,,Culotte Jumpsuit,,,Machine Wash
152,PURYS,Navy Blue &amp; Red Striped Basic Jumpsuit,Rs. 1199,,,,,,Button,,,,8762239,Polyester,Shirt Collar,2,Striped,Long Sleeves,,Basic Jumpsuit,,,Machine Wash
153,DressBerry,Women Maroon Solid Cropped Basic Jumpsuit,Rs. 629,,,,,,Concealed Zip,,,,11272348,Polyester,Round Neck,2,Solid,Sleeveless,Layered,Basic Jumpsuit,,,
154,FabAlley,Women Black Solid Culotte Jumpsuit,Rs. 900,,,,,,Zip,,,,12184608,Cotton,Round Neck,2,Solid,Short Sleeves,,Culotte Jumpsuit,,,Machine Wash
155,STREET 9,Women Red Solid Basic Jumpsuit,Rs. 759,,,,,,Concealed Zip,,,,11744484,Polyester,Shoulder Straps,2,Solid,Sleeveless,Ruffles,Basic Jumpsuit,,,
156,FabAlley,Women Maroon Solid Basic Jumpsuit,Rs. 1100,,,,,,,,,,10956970,Polyester,Shoulder Straps,2,Solid,Short Sleeves,,Basic Jumpsuit,,,Machine Wash
157,Ginger by Lifestyle,Women Black &amp; White Printed Basic Jumpsuit,Rs. 1444,,,,,,Concealed Zip,,,,12031096,Polyester,Shoulder Straps,,Printed,Sleeveless,,Basic Jumpsuit,,,Machine Wash
158,PURYS,Women Pink &amp; Grey Printed Basic Jumpsuit,Rs. 999,,,,,,Button,,,,11732028,Polyester,Shirt Collar,2,Printed,Three-Quarter Sleeves,,Basic Jumpsuit,,,Machine Wash
159,Cottinfab,Women Mustard Yellow Solid Basic Jumpsuit,Rs. 799,,,,,,Concealed Zip,,,,8865449,Polyester,Round Neck,2,Solid,Short Sleeves,Ruffles,Basic Jumpsuit,,,
160,H&amp;M,Women Black Solid Linen-Blend Jumpsuit,Rs. 1799,,,,,,Button,,,,12029950,Linen,Shoulder Straps,2,Solid,Sleeveless,,Basic Jumpsuit,,,Machine Wash
161,SASSAFRAS,Women Black Solid Layered Basic Jumpsuit,Rs. 719,,,,,,Concealed Zip,,,,10604480,Polyester,V-Neck,,Solid,Sleeveless,Layered,Basic Jumpsuit,,,Dry Clean
162,Magnetic Designs,Women Green &amp; Black Houndstooth Print Basic Jumpsuit,Rs. 1169,,,,,,Concealed Zip,,,,11789030,Polyester,Halter Neck,2,Printed,Three-Quarter Sleeves,,Basic Jumpsuit,,,Hand Wash
163,PURYS,Women Navy Blue &amp; Green Printed Basic Jumpsuit,Rs. 1199,,,,,,Button,,,,11973530,Polyester,Shirt Collar,2,Printed,Three-Quarter Sleeves,,Basic Jumpsuit,,,Machine Wash
164,FabAlley,Women Green &amp; White Striped Basic Jumpsuit,Rs. 1100,,,,,,,,,,10957104,Polyester,V-Neck,2,Striped,Sleeveless,,Basic Jumpsuit,,,Machine Wash
165,CODE by Lifestyle,Women Black Solid Basic Jumpsuit,Rs. 1149,,,,,,Concealed Zip,,,,11510144,Polyester,V-Neck,,Solid,Sleeveless,Waist Tie-Ups,Basic Jumpsuit,,,Machine Wash
166,Marks &amp; Spencer,Women Off-White Solid Basic Jumpsuit,Rs. 5999,,,,,,Button,,,,12554744,Linen,Shirt Collar,4,Solid,Short Sleeves,,,Casual,Regular,
167,Vero Moda,Women Red Solid Basic Jumpsuit,Rs. 1484,,,,,,Button,,,,9551301,Polyester,V-Neck,2,Solid,Sleeveless,Waist Tie-Ups,Basic Jumpsuit,,,
168,Cottinfab,Women Black Solid Basic Jumpsuit,Rs. 769,,,,,,Zip,,,,11298144,Polyester,V-Neck,2,Solid,Sleeveless,,Basic Jumpsuit,,,Machine Wash
169,H&amp;M,Women Beige Calf-length Jumpsuit,Rs. 1499,,,,,,Button,,,,12345720,Polyester,Shoulder Straps,2,Solid,Sleeveless,Waist Tie-Ups,,Casual,,
170,Cottinfab,Women Blue &amp; Grey Printed Basic Jumpsuit,Rs. 835,,,,,,Zip,,,,11298138,Polyester,Round Neck,2,Printed,Short Sleeves,Waist Tie-Ups,Basic Jumpsuit,,,
171,ONLY,Olive Green and Beige Printed Basic Jumpsuit,Rs. 979,,,,,,Button,,,,10372497,Viscose Rayon,Shirt Collar,2,Printed,Short Sleeves,Waist Tie-Ups,Basic Jumpsuit,,,
172,FabAlley,Women Pink &amp; Black Striped Basic Jumpsuit,Rs. 1100,,,,,,Concealed Zip,,,,11466784,Viscose Rayon,Shoulder Straps,2,Striped,Sleeveless,,Basic Jumpsuit,,,Machine Wash
173,Uptownie Lite,Women Navy Blue Solid Basic Jumpsuit,Rs. 791,,,,,,Concealed Zip,,,,11449680,Polyester,Round Neck,2,Solid,Sleeveless,Waist Tie-Ups,Basic Jumpsuit,,,
174,Trend Arrest,Yellow Printed Basic Jumpsuit,Rs. 519,,,,,,Button,,,,8915485,Polyester,Shirt Collar,2,Printed,Sleeveless,,Basic Jumpsuit,,,Machine Wash
175,The Vanca,Women Navy Blue &amp; White Printed Basic Jumpsuit,Rs. 949,,,,,,Concealed Zip,,,,11101166,Polyester,Shirt Collar,2,Printed,Short Sleeves,Waist Tie-Ups,Basic Jumpsuit,,,
176,MANGO,Women Red Solid Culotte Jumpsuit,Rs. 2295,,,,,,Button,,,,11175200,Viscose Rayon,V-Neck,,Solid,Sleeveless,Waist Tie-Ups,Culotte Jumpsuit,,,Machine Wash
177,MABISH by Sonal Jain,Women Green &amp; Golden Printed Basic Jumpsuit,Rs. 1709,,,,,,Concealed Zip,,,,10800260,Viscose Rayon,V-Neck,,Printed,Sleeveless,,Basic Jumpsuit,,,Dry Clean
178,FabAlley,Women Grey &amp; Yellow Striped Basic Jumpsuit,Rs. 1100,,,,,,Button,,,,10969004,Polyester,V-Neck,2,Striped,Short Sleeves,,Basic Jumpsuit,,,Machine Wash
179,Deewa,Women Red &amp; Off-White Striped Basic Jumpsuit,Rs. 683,,,,,,Button,,,,11745702,Polyester,Shirt Collar,2,Striped,Sleeveless,,Basic Jumpsuit,,,Machine Wash
180,Crimsoune Club,Women Orange Printed Basic Jumpsuit,Rs. 1399,,,,,,Zip,,,,12485540,Cotton,Round Neck,2,Printed,Three-Quarter Sleeves,,Basic Jumpsuit,Casual,,
181,Sera,Multicoloured Printed Playsuit,Rs. 647,,,,,,,,,,3100521,Polyester,Shoulder Straps,,Printed,Sleeveless,Gathers,Playsuit,,,Machine Wash
182,CODE by Lifestyle,Women Multicoloured Striped Basic Jumpsuit,Rs. 1049,,,,,,,,,,11560352,Cotton,Sweetheart Neck,2,Striped,Sleeveless,,Basic Jumpsuit,,,Machine Wash
183,Athena,Women Burgundy Solid Basic Jumpsuit,Rs. 1749,,,,,,Concealed Zip,,,,11634536,Polyester,Halter Neck,2,Solid,Sleeveless,,Basic Jumpsuit,,,Hand Wash
184,RARE,Navy Blue &amp; White Striped Cropped Bardot Jumpsuit,Rs. 986,,,,,,Concealed Zip,,,,9252077,Polyester,Shoulder Straps,2,Striped,Short Sleeves,Ruffles,Basic Jumpsuit,,,
185,20Dresses,Women Teal Blue Solid Basic Jumpsuit,Rs. 1950,,,,,,Concealed Zip,,,,11844060,Polyester,Round Neck,,Solid,Sleeveless,,Basic Jumpsuit,,,Machine Wash
186,Vero Moda,Women Navy Blue Solid Basic Jumpsuit,Rs. 1484,,,,,,Button,,,,11487942,Viscose Rayon,Shoulder Straps,,Solid,Sleeveless,,Basic Jumpsuit,,,Machine Wash
187,Magnetic Designs,Blue Solid Basic Jumpsuit,Rs. 979,,,,,,Button,,,,9646181,Polyester,Round Neck,2,Solid,Three-Quarter Sleeves,Gathers,Basic Jumpsuit,,,
188,FabAlley,Women Yellow &amp; Black Striped Basic Jumpsuit,Rs. 1100,,,,,,Concealed Zip,,,,10339121,Polyester,Shoulder Straps,2,Striped,Sleeveless,Waist Tie-Ups,Basic Jumpsuit,,,
189,Uptownie Lite,Women Black Solid Basic Jumpsuit,Rs. 774,,,,,,Concealed Zip,,,,10613384,Polyester,Round Neck,,Solid,Short Sleeves,Ruffles,Basic Jumpsuit,,,Machine Wash
190,DressBerry,Women Peach-Coloured &amp; Rust Red Printed Basic Jumpsuit,Rs. 629,,,,,,Button,,,,11271730,Polyester,V-Neck,,Printed,Short Sleeves,Waist Tie-Ups,Basic Jumpsuit,,,Machine Wash
191,Label Ritu Kumar,Women Green Solid Basic Jumpsuit,Rs. 7700,,,,,,Concealed Zip,,,,10951258,Polyester,Shoulder Straps,2,Solid,Sleeveless,,Basic Jumpsuit,,,Machine Wash
192,Mast &amp; Harbour,Women Pink Solid Basic Jumpsuit,Rs. 1036,,,,,,Concealed Zip,,,,11193008,Polyester,Round Neck,2,Solid,Short Sleeves,,Basic Jumpsuit,,,Machine Wash
193,Marie Claire,Women Navy Blue &amp; White Striped Basic Jumpsuit,Rs. 1174,,,,,,Concealed Zip,,,,10720520,Polyester,Halter Neck,,Striped,Sleeveless,Waist Tie-Ups,Basic Jumpsuit,,,Machine Wash
194,U&amp;F,Women Navy Blue &amp; Green Striped Cropped Basic Jumpsuit,Rs. 577,,,,,,Concealed Zip,,,,12349216,Polyester,Square Neck,2,Striped,Short Sleeves,Ruffles,,Casual,,
195,MABISH by Sonal Jain,Black &amp; Golden Block Print Basic Jumpsuit,Rs. 1430,,,,,,Concealed Zip,,,,7797215,Viscose Rayon,V-Neck,,Printed,Sleeveless,,Basic Jumpsuit,,,Hand Wash
196,FabAlley,Women Navy Blue &amp; Maroon Striped Basic Jumpsuit,Rs. 1100,,,,,,Zip,,,,12429946,Polyester,Shoulder Straps,2,Striped,Sleeveless,,Basic Jumpsuit,Casual,,
197,Tokyo Talkies,Women Black &amp; White Solid Top with Trousers,Rs. 824,,,,,,,,,,10027281,Polyester,Round Neck,,Solid,Short Sleeves,,Two-Piece,,,Machine Wash
198,AND,Women Purple Solid Basic Jumpsuit,Rs. 804,,,,,,Zip,,,,10558412,Polyester,Round Neck,2,Solid,Sleeveless,,Basic Jumpsuit,,,Hand Wash
199,SCORPIUS,White &amp; Black Colourblocked Cold-Shoulder Sleeves Capri Jumpsuit,Rs. 1349,,,,,,Concealed Zip,,,,7851115,Polyester,V-Neck,,Colourblocked,Three-Quarter Sleeves,Ruffles,Capri Jumpsuit,,,Hand Wash
200,Cottinfab,Women Red Solid Basic Jumpsuit,Rs. 799,,,,,,Concealed Zip,,,,8865417,Polyester,Round Neck,2,Solid,Short Sleeves,Ruffles,Basic Jumpsuit,,,
201,Pannkh,Women Black &amp; Yellow Printed Culotte Jumpsuit With Shrug,Rs. 1324,,,,,,Zip,,,,12151542,Cotton,Boat Neck,,Printed,Three-Quarter Sleeves,,Culotte Jumpsuit,,,Hand Wash
202,Global Desi,Women Maroon Solid Basic Asymmetric Jumpsuit,Rs. 2799,,,,,,,,,,12092526,Viscose Rayon,V-Neck,,Solid,Sleeveless,Gathers,Basic Jumpsuit,,,Hand Wash
203,Uptownie Lite,Women Olive Green Solid American Crepe Basic Jumpsuit With Waist Tie-Up,Rs. 799,,,,,,Button,,,,11816382,Polyester,Shirt Collar,2,Solid,Three-Quarter Sleeves,Waist Tie-Ups,Basic Jumpsuit,,,
204,U&amp;F,Women Mustard Yellow &amp; Blue Printed Basic Jumpsuit,Rs. 611,,,,,,Concealed Zip,,,,11300850,Polyester,Round Neck,2,Printed,Short Sleeves,Gathers,Basic Jumpsuit,,,
205,H&amp;M,Women Red Solid Flounce-Trimmed Playsuit,Rs. 1619,,,,,,Zip,,,,12201570,Viscose Rayon,V-Neck,,Solid,Sleeveless,Ruffles,Playsuit,,,Machine Wash
206,FabAlley,Women Maroon Solid Basic Jumpsuit,Rs. 1100,,,,,,,,,,10956970,Polyester,Shoulder Straps,2,Solid,Short Sleeves,,Basic Jumpsuit,,,Machine Wash
207,20Dresses,Women Blue Solid Basic Jumpsuit,Rs. 1247,,,,,,Concealed Zip,,,,11359478,Polyester,Halter Neck,,Solid,Sleeveless,,Basic Jumpsuit,,,Machine Wash
208,Deewa,Women Red &amp; Off-White Printed Cold-Shoulder Basic Jumpsuit,Rs. 737,,,,,,Concealed Zip,,,,10579780,Polyester,Round Neck,,Printed,Three-Quarter Sleeves,Gathers,Basic Jumpsuit,,,Machine Wash
209,Forever New,Women White Solid Basic Jumpsuit,Rs. 7400,,,,,,Zip,,,,11617108,Polyester,Sweetheart Neck,2,Solid,Sleeveless,Waist Tie-Ups,Basic Jumpsuit,,,
210,INDYA,Women Blue &amp; Orange Printed Playsuit,Rs. 1200,,,,,,Zip,,,,11456210,Viscose Rayon,Round Neck,2,Printed,Sleeveless,,Playsuit,,,Hand Wash
211,Chemistry,Women Maroon &amp; Mustard Yellow Printed Playsuit,Rs. 594,,,,,,Button,,,,10867994,Polyester,Shirt Collar,2,Printed,Short Sleeves,Gathers,Playsuit,,,
212,RARE,Women Maroon Solid Basic Jumpsuit,Rs. 944,,,,,,Zip,,,,12389862,Polyester,V-Neck,,Solid,Sleeveless,Ruffles,Basic Jumpsuit,Casual,,
213,H&amp;M,Women Blue &amp; White Striped Smocked Jumpsuit,Rs. 2099,,,,,,Zip,,,,12119526,Viscose Rayon,Shoulder Straps,,Striped,Sleeveless,,Basic Jumpsuit,,,Machine Wash
214,FabAlley,Women Green &amp; White Striped Basic Jumpsuit,Rs. 1100,,,,,,,,,,10957104,Polyester,V-Neck,2,Striped,Sleeveless,,Basic Jumpsuit,,,Machine Wash
215,Belle Fille,Black Floral Print Cold Shoulder Jumpsuit,Rs. 719,,,,,,,,,,1944302,Viscose Rayon,Round Neck,,Printed,Short Sleeves,Ruffles,Culotte Jumpsuit,,,Hand Wash
216,Ginger by Lifestyle,Women Black &amp; Pink Striped Basic Jumpsuit,Rs. 1104,,,,,,,,,,11710706,Viscose Rayon,Shoulder Straps,,Striped,Sleeveless,Gathers,Basic Jumpsuit,,,Machine Wash
217,Sera,Blue &amp; Neon Orange Printed Playsuit,Rs. 517,,,,,,,,,,1923941,Polyester,Round Neck,,Printed,Sleeveless,,,,,Machine Wash
218,PURYS,Women Orange &amp; Off-White Printed Playsuit,Rs. 689,,,,,,,,,,11973534,Polyester,V-Neck,2,Printed,Sleeveless,,Playsuit,,,Machine Wash
219,AND,Women Cream-Coloured &amp; Pink Printed Culotte Jumpsuit with Waist Tie-Ups,Rs. 3999,,,,,,Concealed Zip,,,,11637042,Viscose Rayon,Round Neck,2,Printed,Short Sleeves,Waist Tie-Ups,Culotte Jumpsuit,,,
220,MANGO,Women Burgundy &amp; Off-White Floral Printed Basic Jumpsuit,Rs. 3213,,,,,,Button,,,,12523896,Viscose Rayon,Sweetheart Neck,2,Printed,Short Sleeves,,,Casual,Regular,
221,Trend Arrest,Women Black Solid Lace Detail Playsuit,Rs. 899,,,,,,Button,,,,11311890,Polyester,V-Neck,,Solid,Long Sleeves,Lace Inserts,Playsuit,,,Machine Wash
222,FabAlley,Women Pink &amp; Black Striped Basic Jumpsuit,Rs. 1100,,,,,,Concealed Zip,,,,11466784,Viscose Rayon,Shoulder Straps,2,Striped,Sleeveless,,Basic Jumpsuit,,,Machine Wash
223,Mayra,Multicoloured White &amp; Pink Striped Jumpsuit,Rs. 698,,,,,,Concealed Zip,,,,10512766,Viscose Rayon,Shoulder Straps,2,Striped,Sleeveless,,Basic Jumpsuit,,,Dry Clean
224,HERE&amp;NOW,Women Blue &amp; Beige Ethnic Floral Motif Two-Piece Set,Rs. 1999,,,,,,,,,,11739190,Cotton,V-Neck,,Printed,Long Sleeves,Gathers,Two-Piece,Casual,,Machine Wash
225,H&amp;M,Women Black Frill-Trimmed jumpsuit,Rs. 1149,,,,,,,,,,12345718,Cotton,Shoulder Straps,2,Printed,Sleeveless,,Basic Jumpsuit,Casual,,Machine Wash
226,KASSUALLY,Women Green &amp; Black Printed Basic Jumpsuit,Rs. 1819,,,,,,Zip,,,,12752550,Cotton,V-Neck,2,Printed,Short Sleeves,,,Casual,Regular,
227,Uptownie Lite,Women Navy Blue Solid Basic Jumpsuit,Rs. 850,,,,,,Concealed Zip,,,,11449678,Polyester,Round Neck,,Solid,Short Sleeves,Ruffles,Basic Jumpsuit,,,Machine Wash
228,Cottinfab,Green Solid Basic Jumpsuit,Rs. 819,,,,,,Concealed Zip,,,,8865427,Polyester,Round Neck,2,Solid,Short Sleeves,Layered,Basic Jumpsuit,,,
229,MAGRE,Women Black Solid Basic Jumpsuit,Rs. 1429,,,,,,,,,,10610616,Polyester,V-Neck,2,Solid,Sleeveless,Waist Tie-Ups,Basic Jumpsuit,,,Machine Wash
230,Crimsoune Club,Women Orange Printed Basic Jumpsuit,Rs. 1399,,,,,,Zip,,,,12485540,Cotton,Round Neck,2,Printed,Three-Quarter Sleeves,,Basic Jumpsuit,Casual,,
231,Cottinfab,Black Solid Cold-Shoulder Jumpsuit,Rs. 799,,,,,,Concealed Zip,,,,7846811,Polyester,Round Neck,2,Solid,Three-Quarter Sleeves,Waist Tie-Ups,Basic Jumpsuit,,,
232,MABISH by Sonal Jain,Women Coffee Brown &amp; Golden Drop Crotch Checked Basic Jumpsuit,Rs. 1374,,,,,,Concealed Zip,,,,10800224,Viscose Rayon,V-Neck,,Checked,Short Sleeves,Gathers,Basic Jumpsuit,,,Dry Clean
233,MABISH by Sonal Jain,Women Green &amp; Golden Dhoti Style Checked Basic Jumpsuit,Rs. 1374,,,,,,Concealed Zip,,,,10800256,Viscose Rayon,V-Neck,,Checked,Short Sleeves,,Basic Jumpsuit,,,Dry Clean
234,Roadster,Women Maroon Solid Playsuit With Henley Neck,Rs. 999,,,,,,Button,,,,10387089,Cotton,Round Neck,,Solid,Short Sleeves,,Playsuit,,,Machine Wash
235,ONLY,Women Off-White &amp; Olive Green Striped Basic Jumpsuit,Rs. 1154,,,,,,Button,,,,10687552,Polyester,Shirt Collar,4,Striped,Short Sleeves,Waist Tie-Ups,Basic Jumpsuit,,,
236,Tokyo Talkies,Women Brown Solid Basic Jumpsuit,Rs. 869,,,,,,Concealed Zip,,,,11970538,Polyester,Halter Neck,,Solid,Sleeveless,,Basic Jumpsuit,,,Machine Wash
237,Color Cocktail,Women Olive Green Solid Basic Jumpsuit,Rs. 779,,,,,,,,,,10832500,Polyester,Shirt Collar,2,Solid,Short Sleeves,Waist Tie-Ups,Basic Jumpsuit,,,Machine Wash
238,FabAlley,Women Yellow &amp; Black Striped Basic Jumpsuit,Rs. 1100,,,,,,Concealed Zip,,,,10339121,Polyester,Shoulder Straps,2,Striped,Sleeveless,Waist Tie-Ups,Basic Jumpsuit,,,
239,Cottinfab,Women Charcoal Grey &amp; Off-White Printed Waist Tie-Up Basic Jumpsuit,Rs. 769,,,,,,Concealed Zip,,,,12218598,Polyester,Round Neck,2,Printed,Three-Quarter Sleeves,Waist Tie-Ups,,Casual,,
240,MANGO,Women Red &amp; White Printed Basic Jumpsuit,Rs. 2333,,,,,,,,,,11294518,Polyester,Shoulder Straps,,Printed,Sleeveless,Gathers,Basic Jumpsuit,,,Machine Wash
241,MABISH by Sonal Jain,Black Solid One-Shoulder Dhoti Style Jumpsuit,Rs. 999,,,,,,Concealed Zip,,,,7585448,Viscose Rayon,Off-Shoulder,,Solid,Short Sleeves,Waist Tie-Ups,Basic Jumpsuit,,,Dry Clean
242,Athena,Women Beige &amp; Black Printed Basic Jumpsuit,Rs. 997,,,,,,Zip,,,,11698168,Polyester,V-Neck,,Printed,Sleeveless,Waist Tie-Ups,Basic Jumpsuit,,,Machine Wash
243,Jompers,Women Green Solid Basic Jumpsuit,Rs. 989,,,,,,Concealed Zip,,,,11526254,Polyester,Round Neck,2,Solid,Long Sleeves,Waist Tie-Ups,Basic Jumpsuit,,,
244,FABNEST,Women Black Solid Basic Jumpsuit,Rs. 1750,,,,,,Zip,,,,12286132,Cotton,Round Neck,,Solid,Three-Quarter Sleeves,,Basic Jumpsuit,,,Hand Wash
245,Karmic Vision,Women Black Lace Insert Basic Jumpsuit,Rs. 979,,,,,,Concealed Zip,,,,10167141,Polyester,Round Neck,2,Solid,Long Sleeves,Lace Inserts,Basic Jumpsuit,,,
246,FabAlley,Women Navy Blue &amp; Maroon Striped Basic Jumpsuit,Rs. 1100,,,,,,Zip,,,,12429946,Polyester,Shoulder Straps,2,Striped,Sleeveless,,Basic Jumpsuit,Casual,,
247,MANGO,Women Black &amp; Beige Printed Basic Jumpsuit with Waist Tie-Ups,Rs. 3213,,,,,,Button,,,,12088710,Viscose Rayon,Shirt Collar,2,Printed,Short Sleeves,Waist Tie-Ups,Basic Jumpsuit,,,
248,FABNEST,Women Yellow Solid Basic Jumpsuit,Rs. 1282,,,,,,Button,,,,10302525,Viscose Rayon,Round Neck,2,Solid,Three-Quarter Sleeves,Waist Tie-Ups,Basic Jumpsuit,,,
249,MANGO,Women Off-White &amp; Brown Printed Capri Jumpsuit with Waist Tie-Ups,Rs. 3913,,,,,,Concealed Zip,,,,12088702,Viscose Rayon,V-Neck,2,Printed,Short Sleeves,Waist Tie-Ups,Capri Jumpsuit,,,
250,Martini,Women Maroon Solid Basic Jumpsuit,Rs. 895,,,,,,Zip,,,,9920593,Polyester,Round Neck,,Solid,Sleeveless,Waist Tie-Ups,Basic Jumpsuit,,,Machine Wash
251,Ginger by Lifestyle,Women Mustard Yellow &amp; Blue Printed Playsuit,Rs. 909,,,,,,Concealed Zip,,,,11522130,Viscose Rayon,Scoop Neck,2,Printed,Sleeveless,Waist Tie-Ups,Playsuit,,,
252,Cottinfab,Women Black Playsuit,Rs. 674,,,,,,,,,,288187,,Boat Neck,,Solid,Sleeveless,,,,,
253,20Dresses,Women Green Solid Basic Jumpsuit,Rs. 1207,,,,,,Button,,,,11359400,Polyester,Halter Neck,,Solid,Sleeveless,,Basic Jumpsuit,,,Machine Wash
254,Juniper,Women Sea Green &amp; Off-White Printed Culotte Jumpsuit,Rs. 1999,,,,,,Concealed Zip,,,,12179982,Cotton,Round Neck,,Printed,Three-Quarter Sleeves,Waist Tie-Ups,Culotte Jumpsuit,,,Hand Wash
255,Taurus,Tango Women Black Solid Basic Jumpsuit,Rs. 1196,,,,,,,,,,10393233,Viscose Rayon,Shoulder Straps,2,Solid,Sleeveless,Embellished,Basic Jumpsuit,,,Hand Wash
256,FabAlley,Women Maroon Solid Basic Jumpsuit,Rs. 1100,,,,,,,,,,10956970,Polyester,Shoulder Straps,2,Solid,Short Sleeves,,Basic Jumpsuit,,,Machine Wash
257,Cottinfab,Women Red Solid Culotte Jumpsuit,Rs. 835,,,,,,Concealed Zip,,,,10658334,Polyester,Off-Shoulder,2,Solid,Short Sleeves,Waist Tie-Ups,Culotte Jumpsuit,,,
258,The Vanca,Women Mustard Yellow Solid Basic Jumpsuit,Rs. 879,,,,,,Concealed Zip,,,,10793816,Polyester,V-Neck,2,Solid,Short Sleeves,Waist Tie-Ups,Basic Jumpsuit,,,
259,Mast &amp; Harbour,Women Yellow &amp; Blue Printed Basic Jumpsuit,Rs. 949,,,,,,Concealed Zip,,,,12204568,Polyester,Round Neck,2,Printed,Short Sleeves,Gathers,,Casual,,
260,Cottinfab,Black Solid Cold-Shoulder Jumpsuit,Rs. 819,,,,,,Concealed Zip,,,,7846781,Polyester,Round Neck,2,Solid,Short Sleeves,Waist Tie-Ups,Basic Jumpsuit,,,
261,Cottinfab,Women Beige &amp; Black Printed Waist Tie-Up Basic Jumpsuit,Rs. 835,,,,,,Concealed Zip,,,,12218592,Polyester,Round Neck,2,Printed,Three-Quarter Sleeves,Waist Tie-Ups,,Casual,,
262,Uptownie Lite,Women Red Solid Basic Jumpsuit,Rs. 850,,,,,,Zip,,,,11816418,Polyester,Round Neck,,Solid,Short Sleeves,Ruffles,Basic Jumpsuit,,,Machine Wash
263,20Dresses,Women Black Solid One Shoulder Basic Jumpsuit,Rs. 1147,,,,,,Concealed Zip,,,,10848280,Polyester,Round Neck,,Solid,Sleeveless,,Basic Jumpsuit,,,Machine Wash
264,FabAlley,Women Green &amp; White Striped Basic Jumpsuit,Rs. 1100,,,,,,,,,,10957104,Polyester,V-Neck,2,Striped,Sleeveless,,Basic Jumpsuit,,,Machine Wash
265,Miss Bennett,Women Navy Blue &amp; Green Printed Longline Shirt with Trousers,Rs. 1999,,,,,,,,,,9260047,Polyester,V-Neck,,Printed,Long Sleeves,,Two-Piece,,,Machine Wash
266,Mast &amp; Harbour,Women Blue Solid Playsuit,Rs. 824,,,,,,Button,,,,11188652,Polyester,Round Neck,2,Solid,Short Sleeves,,Playsuit,,,Machine Wash
267,Darzi,Women Black &amp; Maroon Striped Basic Jumpsuit,Rs. 599,,,,,,Concealed Zip,,,,11445798,Polyester,Round Neck,2,Striped,Short Sleeves,,Basic Jumpsuit,,,Machine Wash
268,KASSUALLY,Women Charcoal Grey Solid Layered Basic Jumpsuit,Rs. 759,,,,,,Concealed Zip,,,,10523380,Polyester,Round Neck,,Solid,Sleeveless,Layered,Basic Jumpsuit,,,Hand Wash
269,AKS,Women Orange &amp; Black Snake Printed Basic Jumpsuit,Rs. 749,,,,,,Concealed Zip,,,,12168392,Viscose Rayon,V-Neck,2,Printed,Sleeveless,Waist Tie-Ups,,Casual,,
270,MABISH by Sonal Jain,Black Solid Playsuit,Rs. 1045,,,,,,Button,,,,9252947,Viscose Rayon,Mandarin Collar,2,Solid,Long Sleeves,Waist Tie-Ups,Playsuit,,,
271,SQew,Women Black Printed Basic Jumpsuit,Rs. 1999,,,,,,Button,,,,12800792,Viscose Rayon,Round Neck,2,Printed,Sleeveless,,,Casual,Regular,
272,FabAlley,Women Pink &amp; Black Striped Basic Jumpsuit,Rs. 1100,,,,,,Concealed Zip,,,,11466784,Viscose Rayon,Shoulder Straps,2,Striped,Sleeveless,,Basic Jumpsuit,,,Machine Wash
273,20Dresses,Women Navy Blue Solid Layered Playsuit,Rs. 1975,,,,,,Concealed Zip,,,,11843998,Polyester,V-Neck,2,Solid,Long Sleeves,Layered,Playsuit,,,
274,Cottinfab,Women Black Jumpsuit,Rs. 719,,,,,,,,,,211687,Viscose Rayon,Round Neck,,Solid,Sleeveless,,,,,
275,STREET 9,Women Mustard Yellow &amp; Black Solid Basic Jumpsuit,Rs. 1039,,,,,,Concealed Zip,,,,11744476,Polyester,V-Neck,2,Solid,Short Sleeves,Layered,Basic Jumpsuit,,,
276,Label Ritu Kumar,Women Black &amp; Peach-Coloured Layered Printed Flared Jumpsuit,Rs. 4900,,,,,,Concealed Zip,,,,11866348,Viscose Rayon,Shoulder Straps,2,Printed,Sleeveless,,Basic Jumpsuit,,,Hand Wash
277,Eavan,Women Pink &amp; Black Solid Culotte Jumpsuit,Rs. 1329,,,,,,Concealed Zip,,,,10793758,Polyester,Round Neck,2,Solid,Long Sleeves,Ruffles,Culotte Jumpsuit,,,
278,DressBerry,Women Olive Brown &amp; Navy Blue Printed Basic Jumpsuit,Rs. 647,,,,,,Button,,,,11271902,Polyester,V-Neck,2,Printed,Short Sleeves,Gathers,Basic Jumpsuit,,,
279,Cottinfab,Women Black Solid Playsuit,Rs. 683,,,,,,Button,,,,10053763,Polyester,Shirt Collar,2,Solid,Three-Quarter Sleeves,Waist Tie-Ups,Playsuit,,,
280,Crimsoune Club,Women Orange Printed Basic Jumpsuit,Rs. 1399,,,,,,Zip,,,,12485540,Cotton,Round Neck,2,Printed,Three-Quarter Sleeves,,Basic Jumpsuit,Casual,,
281,Global Desi,Women Teal Blue &amp; Mustard Yellow Printed Asymmetric Basic Jumpsuit,Rs. 2999,,,,,,,,,,12092548,Viscose Rayon,V-Neck,,Printed,Sleeveless,Gathers,Basic Jumpsuit,,,Hand Wash
282,DressBerry,Women Blue Solid Basic Jumpsuit,Rs. 629,,,,,,Button,,,,11306976,Cotton,Round Neck,2,Solid,Sleeveless,Waist Tie-Ups,,Casual,,
283,COVER STORY,Women Black Embroidered Basic Jumpsuit,Rs. 2790,,,,,,Concealed Zip,,,,11912920,Viscose Rayon,Round Neck,2,Self Design,Sleeveless,Embroidered,Basic Jumpsuit,,,
284,FABNEST,Women Red Solid Basic Jumpsuit,Rs. 1282,,,,,,Button,,,,10302535,Viscose Rayon,Round Neck,2,Solid,Three-Quarter Sleeves,Waist Tie-Ups,Basic Jumpsuit,,,
285,Iti,Women Brown Solid Basic Jumpsuit,Rs. 1819,,,,,,Zip,,,,11147602,Polyester,V-Neck,2,Solid,Three-Quarter Sleeves,,Basic Jumpsuit,,,Hand Wash
286,PURYS,Women Pink &amp; Grey Printed Playsuit,Rs. 649,,,,,,,,,,6382139,Polyester,Round Neck,2,Printed,Sleeveless,,Playsuit,,,Machine Wash
287,Berrylush,Women Green Solid Basic Jumpsuit,Rs. 711,,,,,,,,,,10730112,Polyester,Off-Shoulder,2,Solid,Sleeveless,,Basic Jumpsuit,,,Machine Wash
288,FabAlley,Women Yellow &amp; Black Striped Basic Jumpsuit,Rs. 1100,,,,,,Concealed Zip,,,,10339121,Polyester,Shoulder Straps,2,Striped,Sleeveless,Waist Tie-Ups,Basic Jumpsuit,,,
289,Cottinfab,Women Red &amp; White Printed Waist-Tie Up Basic Jumpsuit,Rs. 835,,,,,,Button,,,,12218564,Polyester,Round Neck,2,Printed,Short Sleeves,Waist Tie-Ups,,Casual,,
290,DressBerry,Women Navy Blue &amp; Pink Printed Basic Jumpsuit,Rs. 629,,,,,,Button,,,,11004894,Polyester,Round Neck,2,Printed,Long Sleeves,,Basic Jumpsuit,,,Machine Wash
291,20Dresses,Women Red Solid Basic Jumpsuit,Rs. 1865,,,,,,Concealed Zip,,,,10328825,Polyester,Round Neck,,Solid,Sleeveless,,Basic Jumpsuit,,,Machine Wash
292,Uptownie Lite,Women Black Solid Basic Jumpsuit,Rs. 850,,,,,,Zip,,,,11322090,Polyester,Round Neck,,Solid,Short Sleeves,Ruffles,Basic Jumpsuit,,,Machine Wash
293,Uptownie Lite,Women Navy Blue &amp; White Printed Basic Jumpsuit,Rs. 850,,,,,,Zip,,,,11918252,Polyester,Round Neck,,Printed,Short Sleeves,Ruffles,Basic Jumpsuit,,,Machine Wash
294,Tokyo Talkies,Women Black Solid Flared Basic Jumpsuit,Rs. 869,,,,,,Zip,,,,11970524,Polyester,Halter Neck,,Solid,Sleeveless,,Basic Jumpsuit,,,Machine Wash
295,Cottinfab,Women Mustard Yellow Solid Basic Jumpsuit,Rs. 839,,,,,,Button,,,,10053733,Polyester,Shirt Collar,2,Solid,Three-Quarter Sleeves,Waist Tie-Ups,Basic Jumpsuit,,,
296,FabAlley,Women Navy Blue &amp; Maroon Striped Basic Jumpsuit,Rs. 1100,,,,,,Zip,,,,12429946,Polyester,Shoulder Straps,2,Striped,Sleeveless,,Basic Jumpsuit,Casual,,
297,KASSUALLY,Women Black &amp; Beige Printed Jumpsuit,Rs. 1539,,,,,,Button,,,,12742098,Polyester,V-Neck,,Printed,Long Sleeves,,Basic Jumpsuit,Casual,Regular,
298,ATRAENTA,Women Green Solid Basic Jumpsuit,Rs. 809,,,,,,Concealed Zip,,,,11696192,Viscose Rayon,Shirt Collar,2,Solid,Short Sleeves,,Basic Jumpsuit,,,Machine Wash
299,KASSUALLY,Women Red Solid Basic Jumpsuit,Rs. 696,,,,,,Concealed Zip,,,,11334566,Polyester,Round Neck,2,Solid,Sleeveless,Embellished,Basic Jumpsuit,,,
300,STREET 9,Women Beige Solid Cropped Basic Jumpsuit,Rs. 799,,,,,,Concealed Zip,,,,11677830,Cotton,Off-Shoulder,2,Solid,Short Sleeves,,Basic Jumpsuit,,,Machine Wash
301,DressBerry,Women Blue Solid Basic Jumpsuit,Rs. 999,,,,,,Button,,,,11272014,Polyester,V-Neck,2,Solid,Short Sleeves,Gathers,Basic Jumpsuit,,,
302,Aayna,Women Blue Solid Capri Jumpsuit,Rs. 747,,,,,,Button,,,,12433428,Cotton,Round Neck,2,Solid,Short Sleeves,Waist Tie-Ups,,Casual,,
303,Cottinfab,Women Black Jumpsuit,Rs. 719,,,,,,,,,,450224,,Round Neck,,Solid,Sleeveless,,,,,
304,Global Desi,Black Printed Ethnic Jumpsuit,Rs. 734,,,,,,,,,,8791463,Viscose Rayon,V-Neck,2,Printed,Sleeveless,Waist Tie-Ups,Basic Jumpsuit,,,Machine Wash
305,Vero Moda,White &amp; Black Printed Playsuit,Rs. 664,,,,,,,,,,1839190,Polyester,V-Neck,,Printed,,,,,,Machine Wash
306,FabAlley,Women Maroon Solid Basic Jumpsuit,Rs. 1100,,,,,,,,,,10956970,Polyester,Shoulder Straps,2,Solid,Short Sleeves,,Basic Jumpsuit,,,Machine Wash
307,PURYS,Women Multicoloured Striped Basic Jumpsuit,Rs. 999,,,,,,Concealed Zip,,,,11973524,Polyester,Round Neck,2,Striped,Sleeveless,,Basic Jumpsuit,,,Machine Wash
308,ONLY,Women Blue &amp; White Checked Basic Jumpsuit,Rs. 3999,,,,,,,,,,11702944,Cotton,Shoulder Straps,,Checked,Sleeveless,,Basic Jumpsuit,,,Machine Wash
309,Jompers,Women White Solid Basic Jumpsuit,Rs. 989,,,,,,Button,,,,11526276,Viscose Rayon,Shirt Collar,2,Solid,Long Sleeves,Waist Tie-Ups,Basic Jumpsuit,,,
310,Ginger by Lifestyle,Women Off-White &amp; Grey Checked Culotte Jumpsuit,Rs. 1444,,,,,,Button,,,,11788316,Cotton,Round Neck,,Checked,Sleeveless,,Culotte Jumpsuit,,,Machine Wash
311,Vero Moda,Women Navy Blue &amp; White Printed Basic Jumpsuit,Rs. 1484,,,,,,Button,,,,11690404,Viscose Rayon,V-Neck,2,Printed,Sleeveless,Waist Tie-Ups,Basic Jumpsuit,,,
312,ATRAENTA,Women Black &amp; White Cold-Shoulder Striped Basic Jumpsuit,Rs. 959,,,,,,Concealed Zip,,,,11334264,Viscose Rayon,Round Neck,2,Striped,Short Sleeves,,Basic Jumpsuit,,,Hand Wash
313,AND,Women Green &amp; White Printed Basic Jumpsuit with Waist Tie-Up Detailing,Rs. 1499,,,,,,Concealed Zip,,,,11284668,Polyester,Round Neck,2,Printed,Sleeveless,Waist Tie-Ups,Basic Jumpsuit,,,
314,FabAlley,Women Green &amp; White Striped Basic Jumpsuit,Rs. 1100,,,,,,,,,,10957104,Polyester,V-Neck,2,Striped,Sleeveless,,Basic Jumpsuit,,,Machine Wash
315,U&amp;F,Women Navy Blue &amp; Beige Striped Basic Jumpsuit,Rs. 611,,,,,,Concealed Zip,,,,11028544,Polyester,Round Neck,2,Striped,Short Sleeves,,Basic Jumpsuit,,,Machine Wash
316,MANGO,Women Grey &amp; Black Self-Checked Cropped Basic Jumpsuit,Rs. 3633,,,,,,Concealed Zip,,,,12523714,Polyester,V-Neck,2,Self Design,Sleeveless,,,Casual,Regular,
317,MAGRE,Women Navy Blue Solid Basic Jumpsuit,Rs. 1395,,,,,,Concealed Zip,,,,11124316,Polyester,Shoulder Straps,2,Solid,Sleeveless,,Basic Jumpsuit,,,Hand Wash
318,Athena,Women Peach-Coloured Solid Two-Piece,Rs. 1959,,,,,,,,,,12775706,Cotton,Round Neck,2,Solid,Long Sleeves,,Two-Piece,Casual,Regular,
319,U&amp;F,Women Green &amp; Grey Floral Printed Basic Jumpsuit,Rs. 593,,,,,,Button,,,,12349220,Polyester,Mandarin Collar,2,Printed,Short Sleeves,Gathers,,Casual,,
320,Iti,Women Blue Solid Basic Jumpsuit,Rs. 1374,,,,,,Concealed Zip,,,,11701594,Cotton,Shoulder Straps,2,Solid,Sleeveless,Ruffles,Basic Jumpsuit,,,
321,Taurus,Women Cream-Coloured &amp; Blue Printed Basic Jumpsuit,Rs. 1346,,,,,,Concealed Zip,,,,11553802,Viscose Rayon,V-Neck,2,Printed,Short Sleeves,Waist Tie-Ups,Basic Jumpsuit,,,
322,FabAlley,Women Pink &amp; Black Striped Basic Jumpsuit,Rs. 1100,,,,,,Concealed Zip,,,,11466784,Viscose Rayon,Shoulder Straps,2,Striped,Sleeveless,,Basic Jumpsuit,,,Machine Wash
323,ONLY,Multicoloured Striped Playsuit,Rs. 1349,,,,,,,,,,10274099,Polyester,V-Neck,2,Striped,Short Sleeves,,Playsuit,,,Machine Wash
324,Cottinfab,Women Black Solid Basic Jumpsuit,Rs. 835,,,,,,Button,,,,10961182,Polyester,Boat Neck,2,Solid,Short Sleeves,Gathers,Basic Jumpsuit,,,
325,Globus,Women Blue &amp; Red Printed Basic Jumpsuit,Rs. 849,,,,,,,,,,10724858,Cotton,Round Neck,,Printed,Short Sleeves,,Basic Jumpsuit,,,Hand Wash
326,ONLY,Navy Blue &amp; White Checked Playsuit,Rs. 1199,,,,,,Button,,,,10372631,Cotton,Shirt Collar,2,Checked,Short Sleeves,,Playsuit,,,Machine Wash
327,Kazo,Women Navy Blue Solid  Jumpsuit,Rs. 3490,,,,,,,,,,12697152,Polyester,Shoulder Straps,,Solid,Sleeveless,Waist Tie-Ups,Basic Jumpsuit,Party,Regular,
328,Besiva,Women Pink &amp; White Checked Blazer with Shorts,Rs. 1999,,,,,,,,,,10233461,Cotton,Shawl Neck,,Checked,Long Sleeves,,Two-Piece,,,Machine Wash
329,Everlush,Women Maroon &amp; Mustard Yellow Striped Jumpsuit,Rs. 1999,,,,,,Zip,,,,10375159,Polyester,Shoulder Straps,,Striped,Sleeveless,,Basic Jumpsuit,,,Machine Wash
330,Crimsoune Club,Women Orange Printed Basic Jumpsuit,Rs. 1399,,,,,,Zip,,,,12485540,Cotton,Round Neck,2,Printed,Three-Quarter Sleeves,,Basic Jumpsuit,Casual,,
331,MANGO,Women Blue Solid Pleated Cropped Basic Jumpsuit,Rs. 2333,,,,,,Button,,,,11842458,Polyester,V-Neck,,Solid,Sleeveless,,Basic Jumpsuit,,,Machine Wash
332,20Dresses,Women Mustard Yellow Solid Basic Jumpsuit,Rs. 1975,,,,,,Concealed Zip,,,,12290246,Polyester,Sweetheart Neck,2,Solid,Sleeveless,,Basic Jumpsuit,Casual,,
333,Tokyo Talkies,Women Blue &amp; Brown Printed Basic Jumpsuit,Rs. 839,,,,,,Button,,,,11685378,Viscose Rayon,V-Neck,2,Printed,Short Sleeves,Gathers,Basic Jumpsuit,,,
334,INDYA,Women White Printed Two-Piece Jumpsuit,Rs. 1150,,,,,,,,,,12756576,Cotton,V-Neck,2,Printed,Short Sleeves,,Two-Piece,Casual,Regular,
335,Iti,Women Green Solid Basic Jumpsuit,Rs. 1874,,,,,,,,,,11147600,Polyester,Shoulder Straps,2,Solid,Sleeveless,,Basic Jumpsuit,,,Hand Wash
336,Purple State,Black &amp; Off-White Striped Basic Jumpsuit,Rs. 749,,,,,,Button,,,,9043371,Polyester,Shirt Collar,2,Striped,Long Sleeves,,Basic Jumpsuit,,,Machine Wash
337,Darzi,Women Blue &amp; Pink Printed Basic Jumpsuit,Rs. 659,,,,,,Concealed Zip,,,,11445960,Polyester,Round Neck,2,Printed,Short Sleeves,,Basic Jumpsuit,,,Machine Wash
338,FabAlley,Women Yellow &amp; Black Striped Basic Jumpsuit,Rs. 1100,,,,,,Concealed Zip,,,,10339121,Polyester,Shoulder Straps,2,Striped,Sleeveless,Waist Tie-Ups,Basic Jumpsuit,,,
339,ONLY,Women Mustard Yellow &amp; White Floral Printed Basic Jumpsuit,Rs. 3499,,,,,,Zip,,,,11702956,Viscose Rayon,Round Neck,2,Printed,Sleeveless,,Basic Jumpsuit,,,Machine Wash
340,WoowZerz,Women Black Solid Basic Jumpsuit,Rs. 1816,,,,,,Concealed Zip,,,,12052830,Polyester,Square Neck,2,Solid,Sleeveless,Ruffles,Basic Jumpsuit,,,
341,THE SILHOUETTE STORE,Black &amp; White Striped Jumpsuit,Rs. 435,,,,,,Concealed Zip,,,,9982661,Polyester,Shoulder Straps,2,Striped,Sleeveless,,Basic Jumpsuit,,,Machine Wash
342,Ginger by Lifestyle,Women Pink &amp; Black Striped Basic Jumpsuit,Rs. 1104,,,,,,,,,,11710680,Viscose Rayon,Shoulder Straps,,Striped,Sleeveless,Gathers,Basic Jumpsuit,,,Machine Wash
343,Cottinfab,Women Mustard Yellow Solid Playsuit,Rs. 684,,,,,,Button,,,,10053777,Polyester,Shirt Collar,2,Solid,Three-Quarter Sleeves,Waist Tie-Ups,Playsuit,,,
344,Iti,Women Teal Green Solid Basic Jumpsuit,Rs. 1749,,,,,,Button,,,,11147594,Polyester,Shirt Collar,2,Solid,Short Sleeves,Waist Tie-Ups,Basic Jumpsuit,,,
345,WoowZerz,Women Black Solid Basic Jumpsuit,Rs. 1746,,,,,,Concealed Zip,,,,12052790,Polyester,V-Neck,,Solid,Short Sleeves,,Basic Jumpsuit,,,Hand Wash
346,FabAlley,Women Navy Blue &amp; Maroon Striped Basic Jumpsuit,Rs. 1100,,,,,,Zip,,,,12429946,Polyester,Shoulder Straps,2,Striped,Sleeveless,,Basic Jumpsuit,Casual,,
347,COVER STORY,Women Brown Striped Culotte Jumpsuit,Rs. 1745,,,,,,Zip,,,,11783198,Polyester,V-Neck,2,Striped,Long Sleeves,Waist Tie-Ups,Culotte Jumpsuit,,,
348,FabAlley,Women Maroon &amp; White Striped Basic Jumpsuit,Rs. 1100,,,,,,,,,,10956962,Polyester,V-Neck,2,Striped,Short Sleeves,,Basic Jumpsuit,,,Machine Wash
