,title,name,price,Waist Rise,Length,Fit,Brand Fit Name,Print or Pattern Type,Closure,Type of Pleat,Weave Type,Fly Type,productId,Fabric,Fabric 2,Fabric 3,Main Trend,Multipack Set,Neck,Occasion,Sleeve Length,Sleeve Styling,Surface Styling,Transparency,Type,Fabric Type,Pattern,Collar,Hemline,Placket,Lining,Character,Number of Pockets,Wash Care
0,ether,ETHER Women Black Solid High Neck T-shirt,Rs. 269,,Regular,Regular Fit,,,,,,,11900404,Polyester,Viscose Rayon,Elastane,New Basics,Single,High Neck,,,,,,,,,,,,,,,
1,Marks &amp; Spencer,Women White Solid Round Neck T-shirt,Rs. 799,,Regular,Regular Fit,,,,,,,11531560,Polyester,Viscose Rayon,,New Basics,Single,Round Neck,Casual,,,,,,,,,,,,,,
2,Roadster,Women Maroon Solid Top,Rs. 329,,Regular,,,Solid,,,,,1753481,,,,,,Round Neck,,Short Sleeves,Regular Sleeves,Applique,Opaque,Regular,,,,,,,,,
3,KASSUALLY,Women Black Solid Peplum Top,Rs. 454,,,,,Solid,Hook and Eye,,,,11915386,,,,,,High Neck,,Three-Quarter Sleeves,Puff Sleeves,Twisted,Opaque,Peplum,,,,,,,,,
4,SASSAFRAS,Women Black Solid Semi-Sheer Longline A-Line Top,Rs. 519,,Longline,,,Solid,,,,,9070277,,,,New Basics,,Round Neck,,Short Sleeves,Regular Sleeves,,Semi Sheer,A-Line,,,,,,,,,
5,Everlush,Women Black Self Design Fitted Top,Rs. 799,,Crop,,,Solid,,,,,12710872,,,,,,Shoulder Straps,,Sleeveless,Shoulder Straps,,Opaque,Fitted,Cotton,,,,,,,,
6,DOROTHY PERKINS,Women White Solid Puff Sleeves Top,Rs. 1794,,,,,Solid,Button,,,,12311074,,,,,,Round Neck,,Short Sleeves,Puff Sleeves,Ruffles,Opaque,Regular,,,,,,,,,
7,Roadster,Women Black Solid Round Neck T-shirt,Rs. 259,,Regular,Regular Fit,,,,,,,2107234,Cotton,,,New Basics,Single,Round Neck,Casual,,,,,,,Solid,,,,,,,
8,SASSAFRAS,Women Maroon Solid Semi-Sheer Tiered Maxi Top,Rs. 699,,,,,Solid,Button,,,,11364420,,,,,,Mandarin Collar,,Three-Quarter Sleeves,Regular Sleeves,Gathered or Pleated,Semi Sheer,Tiered,,,,,,,,,
9,SASSAFRAS,Women White Solid Blouson Top,Rs. 399,,,,,Solid,Button,,,,11364152,,,,,,Round Neck,,Three-Quarter Sleeves,Extended Sleeves,Tie-Ups,Semi Sheer,Blouson,,,,,,,,,
10,Reebok,Women Blue Supply Activchill + Cotton Solid Styled Back Top,Rs. 1979,,Regular,,,Solid,,,,,11712514,,,,,,Round Neck,,Sleeveless,No Sleeves,Cut Out,Opaque,Styled Back,,,,,,,,,
11,Pannkh,Women Navy Blue Printed Top,Rs. 519,,Regular,,,Ethnic Motifs,,,,,2506738,,,,,,Round Neck,,Three-Quarter Sleeves,Regular Sleeves,Gathered or Pleated,Opaque,Regular,,,,,,,,,
12,SASSAFRAS,Women Black Solid Styled Back Top,Rs. 439,,,,,Solid,Hook and Eye,,,,1510828,,,,,,Mandarin Collar,,Long Sleeves,Cuffed Sleeves,Studded,Opaque,Styled Back,,,,,,,,,
13,DOROTHY PERKINS,Women Blue Schiffli Embroidered Top,Rs. 2093,,,,,Geometric,Button,,,,12311068,,,,,,Round Neck,,Short Sleeves,Flutter Sleeves,Lace Inserts,Semi Sheer,Regular,,,,,,,,,
14,Kazo,Women Green Printed Top,Rs. 1290,,Regular,,,Floral,,,,,12809786,,,,Floral Print,,Shoulder Straps,,Sleeveless,No Sleeves,,Opaque,Regular,,,,,,,,,
15,plusS,Women Coral Pink &amp; Black Printed Top,Rs. 424,,,,,Floral,Button,,,,9657057,,,,,,Round Neck,,Long Sleeves,Bell Sleeves,Gathered or Pleated,Opaque,Regular,,,,,,,,,
16,DOROTHY PERKINS,Women Off-White &amp; Black Regular Fit Polka Dots Print Casual Shirt,Rs. 1943,,Regular,Regular Fit,,Polka Dots,,,,,12126040,,,,,,,Casual,Short Sleeves,,,,,,,Cuban Collar,Curved,Button Placket,,,,
17,KASSUALLY,Women Mustard Yellow Solid Peplum Top,Rs. 454,,,,,Solid,Button,,,,11173660,,,,,,High Neck,,Long Sleeves,Puff Sleeves,Gathered or Pleated,Opaque,Peplum,,,,,,,,,
18,H&amp;M,Women White Solid Cotton Shirt,Rs. 799,,Regular,Regular Fit,,Solid,,,,,12716228,,,,,,,Casual,Long Sleeves,,,,,,,Spread Collar,Curved,Button Placket,,,,
19,Sangria,Women Blue Printed A-Line Top,Rs. 359,,,,,Ethnic Motifs,Button,,,,8349519,,,,,,Mandarin Collar,,Three-Quarter Sleeves,Bell Sleeves,Gathered or Pleated,Opaque,A-Line,,,,,,,,,
20,SASSAFRAS,Women Green Ruffled Shirt Style Top,Rs. 399,,,,,Solid,Button,,,,1052250,,,,,,Mandarin Collar,,Long Sleeves,Puff Sleeves,Ruffles,Opaque,Shirt Style,,,,,,,,,
21,Roadster,Women Pink &amp; Navy Blue Colorblocked Top with Knot Detail,Rs. 299,,Regular,,,Solid,Button,,,,8338965,,,,,,High Neck,,Three-Quarter Sleeves,Regular Sleeves,,Opaque,Regular,,,,,,,,,
22,DOROTHY PERKINS,Women Beige &amp; Black Polka Dots Printed Top,Rs. 1943,,,,,Polka Dots,Button,,,,12311114,,,,,,Mandarin Collar,,Long Sleeves,Roll-Up Sleeves,Gathered or Pleated,Opaque,Regular,,,,,,,,,
23,plusS,Women Pink Embellished Top,Rs. 569,,,,,Embellished,Button,,,,8126501,,,,,,Round Neck,,Short Sleeves,Regular Sleeves,Lace-Up,Semi Sheer,Regular,,,,,,,,,
24,Roadster,Women Mustard Yellow Solid Boat Neck T-shirt,Rs. 329,,Regular,Regular Fit,,,,,,,1753419,Cotton,,,New Basics,Single,Boat Neck,Casual,,,,,,,Solid,,,,,,,
25,HERE&amp;NOW,Women Blue Printed A-Line Top,Rs. 559,,Regular,,,Ethnic Motifs,,,,,4606514,,,,,,Round Neck,,Three-Quarter Sleeves,Bell Sleeves,Gathered or Pleated,Opaque,A-Line,,,,,,,,,
26,DILLINGER,Women Burgundy Printed Round Neck Longline T-shirt,Rs. 395,,Longline,Regular Fit,,,,,,,10877284,Cotton,,,Typography or Slogan Prints,Single,Round Neck,Casual,,,,,,,Printed,,,,,,,
27,Everlush,Women Maroon Solid Crop Top,Rs. 799,,Crop,,,Solid,,,,,12712514,,,,,,Halter Neck,,Sleeveless,Shoulder Straps,,Opaque,Regular,Cotton,,,,,,,,
28,SASSAFRAS,Women Peach-Coloured Solid Round Neck T-shirt,Rs. 319,,Crop,Regular Fit,,,,,,,9552929,Viscose Rayon,Elastane,,New Basics,Single,Round Neck,Casual,,,,,,,,,,,,,,
29,Roadster,Women Maroon &amp; Navy Blue Slim Fit Checked Casual Shirt,Rs. 454,,Regular,Slim Fit,,Tartan Checks,,,,,2032114,,,,,,,Casual,Long Sleeves,,,,,,,Spread Collar,Curved,Button Placket,,,,
30,Kook N Keech,Women White Printed Crop T-shirt,Rs. 314,,Crop,Regular Fit,,,,,,,1916543,Cotton,Modal,,Conversational Print,Single,Round Neck,Casual,,,,,,,,,,,,,,
31,Antheaa,Women Peach-Coloured Self Design A-Line Top,Rs. 799,,,,,Self Design,,,,,8961399,,,,,,Round Neck,,Three-Quarter Sleeves,Puff Sleeves,Embroidered,Opaque,A-Line,,,,,,Has a lining,,,
32,NEVA,Women Blue Self Design Top,Rs. 629,,Regular,,,Horizontal Stripes,,,,,12839048,,,,,,Round Neck,,Three-Quarter Sleeves,Regular Sleeves,,Opaque,Regular,Cotton,,,,,,,,
33,SASSAFRAS,Women Green  Semi-Sheer Printed Top,Rs. 479,,Regular,,,Floral,,,,,8643085,,,,,,V-Neck,,Short Sleeves,Bell Sleeves,Tie-Ups,Semi Sheer,Regular,,,,,,,,,
34,Everlush,Women Silver-Toned Shimmery Ruffled Fitted Top,Rs. 799,,,,,Shimmer,Button,,,,12646160,,,,,,Round Neck,,Sleeveless,No Sleeves,Ruffles,Opaque,Fitted,,,,,,,,,
35,Ives,Women Olive Green Solid Shirt Style Top,Rs. 549,,,,,Solid,Button,,,,8375271,,,,,,Mandarin Collar,,Three-Quarter Sleeves,Puff Sleeves,Ruffles,Opaque,Shirt Style,,,,,,,,,
36,Mayra,Women Black Printed Blouson Top,Rs. 398,,,,,Geometric,Zip,,,,7256821,,,,,,Round Neck,,Three-Quarter Sleeves,Regular Sleeves,Gathered or Pleated,Opaque,Blouson,,,,,,,,,
37,Roadster,Time Travlr Women Peach &amp; Purple Slim Fit Checked Casual Shirt,Rs. 649,,Regular,Slim Fit,,Buffalo Checks,,,,,1805910,,,,,,,Casual,Long Sleeves,,,,,,,Spread Collar,Curved,Button Placket,,,,
38,OFF LIMITS,Women Pink Solid Round Neck T-shirt,Rs. 359,,Regular,Regular Fit,,,,,,,12759750,Polyester,,,New Basics,Single,Round Neck,Sports,,,,,,,Solid,,,,,,,
39,plusS,Women Sea Green Solid Cinched Waist Top,Rs. 659,,Longline,,,Solid,,,,,2468600,,,,,,Round Neck,,Three-Quarter Sleeves,Regular Sleeves,Waist Tie-Ups,Opaque,Cinched Waist,,,,,,,,,
40,DOROTHY PERKINS,Women White &amp; Pink Petite Smocked Floral Printed Blouson Top,Rs. 1494,,Regular,,,Floral,,,,,12310982,,,,,,V-Neck,,Short Sleeves,Extended Sleeves,Smocking,Opaque,Blouson,,,,,,,,,
41,Carlton London,Women Black Solid Victorian Crop Fitted Top,Rs. 764,,,,,Solid,Button,,,,11679908,,,,,,Sweetheart Neck,,Long Sleeves,Cuffed Sleeves,Gathered or Pleated,Opaque,Fitted,,,,,,,,,
42,Mayra,Women Black Printed Shirt Style Top,Rs. 398,,Regular,,,Animal,Button,,,,7256771,,,,,,Shirt Collar,,Long Sleeves,Regular Sleeves,,Opaque,Shirt Style,,,,,,,,,
43,Roadster,Women Navy Blue &amp; Red Regular Fit Printed Casual Shirt,Rs. 909,,Regular,Regular Fit,,Floral,,,,,10962530,,,,,,,Casual,Long Sleeves,,,,,,,Spread Collar,Curved,Button Placket,,,,
44,DILLINGER,Women Black Solid Round Neck T-shirt,Rs. 479,,Regular,Regular Fit,,,,,,,11067184,Cotton,,,New Basics,Single,Round Neck,Casual,,,,,,,Solid,,,,,,,
45,Kook N Keech,Women Black Printed Round Neck T-shirt,Rs. 244,,Regular,Regular Fit,,,,,,,2115291,Cotton,,,Typography or Slogan Prints,Single,Round Neck,Casual,,,,,,,Printed,,,,,,,
46,DOROTHY PERKINS,Women Beige &amp; Blue Tropical Print A-Line Tiered Top,Rs. 1494,,Regular,,,Tropical,,,,,12311136,,,,,,Shoulder Straps,,Sleeveless,Shoulder Straps,Ruffles,Opaque,A-Line,,,,,,,,,
47,plusS,Women Black Printed Top,Rs. 449,,Regular,,,Polka Dots,,,,,8915439,,,,Geometric Print,,Round Neck,,Long Sleeves,Bell Sleeves,,Opaque,Regular,,,,,,,,,
48,DILLINGER,Women Yellow Boxy Fit Printed Round Neck Longline T-shirt,Rs. 395,,Longline,Boxy,,,,,,,10877160,Cotton,,,Typography or Slogan Prints,Single,Round Neck,Casual,,,,,,,Printed,,,,,,,
49,Cation,Women Black Solid Top,Rs. 1199,,Crop,,,Solid,,,,,8178461,,,,,,Round Neck,,Long Sleeves,Regular Sleeves,,Opaque,Regular,Cotton,,,,,,,,
50,SASSAFRAS,Women Black Solid Top,Rs. 559,,Regular,,,Solid,Concealed Zip,,,,10856206,,,,,,Round Neck,,Long Sleeves,Regular Sleeves,,Opaque,Regular,,,,,,,,,
51,Roadster,Women Rust Red Solid Round Neck Boxy Crop T-Shirt,Rs. 259,,Crop,Regular Fit,,,,,,,11697292,Cotton,,,New Basics,Single,Round Neck,Casual,,,,,,,Solid,,,,,,,
52,Kook N Keech Marvel,Women Pink Printed Oversize Round Neck T-shirt,Rs. 359,,Regular,Slim Fit,,,,,,,2216723,Cotton,,,Graphic Print Others,Single,Round Neck,Casual,,,,,,,,,,,,Captain America,,
53,Veni Vidi Vici,Women White Solid Layered Styled Back Top,Rs. 444,,Crop,,,Solid,,,,,1827118,,,,New Basics,,Shoulder Straps,,,Shoulder Straps,Layered,Opaque,Styled Back,,,,,,,,,
54,DOROTHY PERKINS,Women Red &amp; White Floral Print Bardot Top,Rs. 897,,Regular,,,Floral,,,,,10579900,,,,,,Off-Shoulder,,Short Sleeves,Flared Sleeves,Tie-Ups,Opaque,Bardot,,,,,,,,,
55,Desigual,Women White Printed Scoop Neck T-shirt,Rs. 1476,,Regular,Regular Fit,,,,,,,10957454,Viscose Rayon,,,Geometric Print,Single,Scoop Neck,Casual,,,,,,,Printed,,,,,,,
56,Campus Sutra,Grey T-shirt,Rs. 314,,,Regular Fit,,Solid,,,,,1268540,Cotton,,,New Basics,Single,Round Neck,Casual,,,,,,,Solid,,,,,,,
57,plusS,Women Coral Pink &amp; Black Printed Top,Rs. 424,,,,,Floral,Button,,,,9657057,,,,,,Round Neck,,Long Sleeves,Bell Sleeves,Gathered or Pleated,Opaque,Regular,,,,,,,,,
58,H&amp;M,Women Black Printed T-shirt,Rs. 399,,Regular,Regular Fit,,,,,,,12155126,Cotton,,,Typography or Slogan Prints,Single,Round Neck,Casual,,,,,,,Printed,,,,,,,
59,SASSAFRAS,Women Burgundy Solid Top,Rs. 559,,Regular,,,Solid,Concealed Zip,,,,10856146,,,,,,High Neck,,Long Sleeves,Regular Sleeves,,Opaque,Regular,,,,,,,,,
60,SCORPIUS,Women Pink Solid Top,Rs. 499,,Regular,,,Solid,,,,,8066607,,,,,,Round Neck,,Short Sleeves,Regular Sleeves,,Opaque,Regular,Cotton,,,,,,,,
61,Reebok Classic,Unisex Black &amp; White FS Big Vector Panelled T-Shirt,Rs. 2999,,Regular,Regular Fit,,,Button,,,,11701136,Polyester,,,Graphic Print Others,Single,Round Neck,Sports,,,,,,,,,,,,,,
62,Kazo,Women Peach-Coloured Printed Wrap Top,Rs. 1990,,Crop,,,Floral,,,,,12809776,,,,,,V-Neck,,Sleeveless,No Sleeves,Smocking,Opaque,Wrap,,,,,,,,,
63,Desigual,Women Blue Floral Print Regular Top,Rs. 2303,,Regular,,,Embellished,,,,,11877380,,,,Floral Print,,Round Neck,,Short Sleeves,Regular Sleeves,,Opaque,Regular,,,,,,,,,
64,SASSAFRAS,Women Green &amp; Beige Floral Printed Blouson Top,Rs. 599,,,,,Floral,,,,,11364258,,,,,,Round Neck,,Three-Quarter Sleeves,Puff Sleeves,Gathered or Pleated,Opaque,Blouson,,,,,,Has a lining,,,
65,Rigo,Women Black Solid Top,Rs. 395,,Regular,,,Solid,,,,,9969771,,,,,,Round Neck,,Long Sleeves,Regular Sleeves,,Opaque,Regular,Cotton,,,,,,,,
66,KASSUALLY,Women Black Solid Peplum Top,Rs. 419,,Regular,,,Solid,,,,,12512056,,,,,,Round Neck,,Long Sleeves,Regular Sleeves,,Opaque,Peplum,Scuba,,,,,,,,
67,Label Ritu Kumar,Women Off-White &amp; Beige Ombre Effect Top,Rs. 4500,,,,,Ombre,,,,,12421416,,,,,,Round Neck,,Long Sleeves,Regular Sleeves,Embroidered,Opaque,Regular,,,,,,Has a lining,,,
68,DOROTHY PERKINS,Women Beige &amp; Off-White Self Design Fitted Top,Rs. 2154,,,,,Self Design,Button,,,,12126128,,,,,,High Neck,,Short Sleeves,Flared Sleeves,Gathered or Pleated,Opaque,Fitted,,,,,,,,,
69,Roadster,Women White Solid V-Neck T-shirt With Printed Detail,Rs. 279,,Regular,Regular Fit,,,,,,,11893804,Cotton,,,New Basics,Single,V-Neck,Casual,,,,,,,Solid,,,,,,,
70,Style Quotient,Women Black Polka Dot Print Top,Rs. 591,,Regular,,,Polka Dots,,,,,4325708,,,,,,Boat Neck,,Three-Quarter Sleeves,Bell Sleeves,Tie-Ups,Opaque,Regular,,,,,,,,,
71,Reebok Classic,Unisex Blue International Sports Printed T-Shirt,Rs. 2599,,Regular,Regular Fit,,,,,,,11701132,Cotton,,,Typography or Slogan Prints,Single,Round Neck,Sports,,,,,,,Printed,,,,,,,
72,Antheaa,Women Peach-Coloured Self Design A-Line Top,Rs. 799,,,,,Self Design,,,,,8961399,,,,,,Round Neck,,Three-Quarter Sleeves,Puff Sleeves,Embroidered,Opaque,A-Line,,,,,,Has a lining,,,
73,Kazo,Women Purple Self Design Smocked Blouson Top,Rs. 1990,,Regular,,,Self Design,,,,,12768790,,,,,,V-Neck,,Short Sleeves,Puff Sleeves,Smocking,Opaque,Blouson,,,,,,,,,
74,La Zoire,Women Olive Green Self-Design Empire Top,Rs. 798,,,,,Self Design,Button,,,,7269188,,,,,,Round Neck,,Long Sleeves,Puff Sleeves,Gathered or Pleated,Opaque,Empire,,,,,,,,,
75,Mayra,Women Pink &amp; Navy Blue Striped Top,Rs. 438,,Regular,,,Candy Stripes,,,,,10632118,,,,Multi or Variegated Stripes,,Mandarin Collar,,Three-Quarter Sleeves,Regular Sleeves,,Opaque,Regular,,,,,,,,,
76,SASSAFRAS,Women Grey &amp; Red Semi Sheer Printed Top,Rs. 519,,Regular,,,Floral,,,,,8643197,,,,,,V-Neck,,Long Sleeves,Bell Sleeves,Ruffles,Semi Sheer,Regular,,,,,,,,,
77,Rangriti,Women Navy Blue Self Design Top,Rs. 999,,Regular,,,Geometric,,,,,11362138,,,,,,Tie-Up Neck,,Three-Quarter Sleeves,Cuffed Sleeves,Embroidered,Opaque,Regular,,,,,,,,,
78,Campus Sutra,Women Maroon Printed Crop Top,Rs. 359,,Crop,,,Typography,,,,,11683428,,,,,,Round Neck,,Long Sleeves,Regular Sleeves,,Opaque,Regular,Cotton,,,,,,,,
79,Reebok Classic,Unisex Coral Red International Sports Printed T-Shirt,Rs. 2599,,Regular,Regular Fit,,,,,,,11701142,Cotton,,,Typography or Slogan Prints,Single,Round Neck,Sports,,,,,,,Printed,,,,,,,
80,plusS,Women Sea Green Solid Cinched Waist Top,Rs. 659,,Longline,,,Solid,,,,,2468600,,,,,,Round Neck,,Three-Quarter Sleeves,Regular Sleeves,Waist Tie-Ups,Opaque,Cinched Waist,,,,,,,,,
81,U&amp;F,Women Purple Solid Cinched Waist Top,Rs. 577,,Regular,,,Solid,,,,,7797003,,,,,,V-Neck,,Three-Quarter Sleeves,Bell Sleeves,Gathered or Pleated,Opaque,Cinched Waist,,,,,,,,,
82,DOROTHY PERKINS,Women Black Solid Round Neck T-shirt,Rs. 1253,,Regular,Regular Fit,,,,,,,12666242,Viscose Rayon,Elastane,,New Basics,Single,Round Neck,Casual,,,,,,,,,,,,,,
83,Mayra,Women Black Regular Fit Solid Casual Shirt,Rs. 398,,Regular,Regular Fit,,Solid,,,,,7208127,,,,,,,Casual,Three-Quarter Sleeves,,,,,,,Spread Collar,Curved,Button Placket,,,,
84,Tokyo Talkies,Women Navy Blue &amp; White Striped Top,Rs. 279,,Crop,,,Vertical Stripes,Button,,,,12009564,,,,,,V-Neck,,Short Sleeves,Regular Sleeves,,Opaque,Regular,,,,,,,,,
85,Reebok Classic,Unisex Black International Sports Printed T-Shirt,Rs. 2599,,Regular,Regular Fit,,,,,,,11701130,Cotton,,,Typography or Slogan Prints,Single,Round Neck,Sports,,,,,,,Printed,,,,,,,
86,KASSUALLY,Women Red Solid Peplum Top,Rs. 454,,,,,Solid,Button,,,,11173680,,,,,,High Neck,,Long Sleeves,Puff Sleeves,Gathered or Pleated,Opaque,Peplum,,,,,,,,,
87,SASSAFRAS,Women Multicoloured Self Design Crop Top,Rs. 399,,,,,Tribal,Hook and Eye,,,,2196425,,,,,,Round Neck,,Sleeveless,No Sleeves,,Opaque,Regular,,,,,,Has a lining,,,
88,plusS,Women Black Printed Top,Rs. 449,,Regular,,,Polka Dots,,,,,8915439,,,,Geometric Print,,Round Neck,,Long Sleeves,Bell Sleeves,,Opaque,Regular,,,,,,,,,
89,Roadster,Women Olive Green Printed Round Neck T-shirt,Rs. 314,,Regular,Regular Fit,,,,,,,8331077,Cotton,Polyester,,Abstract,Single,Round Neck,Casual,,,,,,,,,,,,,,
90,Style Quotient,Women Maroon Lace Top with Bell Sleeves,Rs. 644,,Regular,,,Solid,,,,,6543994,,,,,,Boat Neck,,Three-Quarter Sleeves,Bell Sleeves,Lace Inserts,Opaque,Regular,,,,,,,,,
91,Scotch &amp; Soda,Women Red Printed Round Neck T-shirt,Rs. 1794,,Regular,Regular Fit,,,,,,,8651723,Cotton,,,Typography or Slogan Prints,Single,Round Neck,Casual,,,,,,,Printed,,,,,,,
92,KASSUALLY,Women Black Solid High-Low Top,Rs. 559,,Longline,,,Solid,Button,,,,10934832,,,,,,High Neck,,Three-Quarter Sleeves,Regular Sleeves,,Opaque,High-Low,,,,,,,,,
93,La Zoire,Women Pink Printed Top,Rs. 559,,Regular,,,Abstract,,,,,807935,,,,,,Mandarin Collar,,Long Sleeves,Regular Sleeves,Ruffles,Sheer,Shirt Style,,,,,,,,,
94,Label Ritu Kumar,Women Beige Schiffli Embroidered Empire Top,Rs. 3500,,,,,Floral,,,,,12421464,,,,,,Keyhole Neck,,Three-Quarter Sleeves,Bell Sleeves,Sequinned,Opaque,Empire,,,,,,Has a lining,,,
95,Roadster,Women Burgundy Solid Top With Lettuce Edge Detail,Rs. 299,,Regular,,,Solid,,,,,10964500,,,,New Basics,,Round Neck,,Short Sleeves,Regular Sleeves,,Opaque,Regular,,,,,,,,,
96,plusS,Women Pink Solid Top,Rs. 449,,,,,Solid,Button,,,,8906455,,,,,,Round Neck,,Short Sleeves,Regular Sleeves,Studded,Opaque,Regular,,,,,,,,,
97,Cation,Women Black Solid Wrap Top,Rs. 1499,,Regular,,,Solid,,,,,10606020,,,,,,V-Neck,,Long Sleeves,Regular Sleeves,,Opaque,Wrap,Cotton,,,,,,,,
98,Vishudh,Women Rust Orange Embroidered A-Line Longline Top,Rs. 559,,Longline,,,Geometric,,,,,12735602,,,,Geometric Print,,Tie-Up Neck,,Three-Quarter Sleeves,Regular Sleeves,,Opaque,A-Line,,,,,,,,,
99,Mast &amp; Harbour,Women Pink Solid Round Neck T-shirt,Rs. 279,,Regular,Regular Fit,,,,,,,11711920,Cotton,Viscose Rayon,,Pocket Detailing,Single,Round Neck,,,,,,,,,,,,,,1,
100,SASSAFRAS,Black Dobby Sheer Boxy Shirt,Rs. 519,,Regular,Regular Fit,,Geometric,,,,,11549510,,,,,,,Casual,Long Sleeves,,,,,,,Spread Collar,Straight,Button Placket,,,,
101,DOROTHY PERKINS,Women Grey Self Design Fitted Top,Rs. 1488,,Regular,,,Self Design,,,,,12409720,,,,New Basics,,Round Neck,,Short Sleeves,Regular Sleeves,,Opaque,Fitted,,,,,,,,,
102,DILLINGER,Women Navy Blue Printed Round Neck Longline T-shirt,Rs. 395,,Longline,Regular Fit,,,,,,,10877240,Cotton,,,Typography or Slogan Prints,Single,Round Neck,Casual,,,,,,,Printed,,,,,,,
103,Hypernation,Women Black Solid Turtle Neck T-shirt,Rs. 699,,Regular,Slim Fit,,,,,,,10975606,Cotton,,,New Basics,Single,Turtle Neck,Casual,,,,,,,Solid,,,,,,,
104,Texco,Women Pink &amp; Grey Floral Printed Crop Top,Rs. 1449,,Crop,,,Floral,Zip,,,,12659954,,,,,,Round Neck,,Sleeveless,No Sleeves,,Opaque,Regular,,,,,,,,,
105,Nayo,Off-White &amp; Green Printed Tunic,Rs. 604,,,,,,,,,,9438601,Cotton,,,Ethnic Print,,Mandarin Collar,Casual,Three-Quarter Sleeves,,Gathers,,,,Printed,,,,,,,
106,plusS,Women Coral Pink &amp; Black Printed Top,Rs. 424,,,,,Floral,Button,,,,9657057,,,,,,Round Neck,,Long Sleeves,Bell Sleeves,Gathered or Pleated,Opaque,Regular,,,,,,,,,
107,Cation,Women Black Solid Top,Rs. 1299,,Crop,,,Solid,,,,,8178339,,,,,,V-Neck,,Long Sleeves,Bell Sleeves,,Opaque,Regular,Cotton,,,,,,,,
108,Porsorte,Women Black Solid Lace Inserts Top,Rs. 1499,,Regular,,,Solid,,,,,12827086,,,,,,V-Neck,,Short Sleeves,Regular Sleeves,Lace Inserts,Semi Sheer,Regular,,,,,,,,,
109,DOROTHY PERKINS,Women Blue Layered Semi-Sheer Solid Top,Rs. 2394,,,,,Solid,,,,,12310852,,,,,,Jewel Neck,,Short Sleeves,Cape Sleeves,Layered,Semi Sheer,Regular,,,,,,Has a lining,,,
110,Vishudh, Printed Curved Hem Tunic,Rs. 402,,,,,,Button,,,,10920730,Cotton,,,Ethnic Print,,Round Neck,Ethnic,Three-Quarter Sleeves,,,,,,Printed,,,,,,,Machine Wash
111,Roadster,Women White Solid Round Neck T-shirt,Rs. 274,,Regular,Regular Fit,,,,,,,1753468,Cotton,,,New Basics,Single,Round Neck,Casual,,,,,,,Solid,,,,,,,
112,HERE&amp;NOW,Candy Store Multi-Toned Striped Top,Rs. 639,,Regular,,,Candy Stripes,Button,,,,8922917,,,,,,Round Neck,,Short Sleeves,Regular Sleeves,,Opaque,Regular,,,,,,,,,
113,Roadster,Women Lavender Solid Round Neck T-Shirt,Rs. 219,,Regular,Regular Fit,,,,,,,11697284,Cotton,,,New Basics,Single,Round Neck,Casual,,,,,,,Solid,,,,,,,
114,plusS,Women Pink Embellished Top,Rs. 569,,,,,Embellished,Button,,,,8126501,,,,,,Round Neck,,Short Sleeves,Regular Sleeves,Lace-Up,Semi Sheer,Regular,,,,,,,,,
115,Carlton London,Women Teal Blue Lace Top,Rs. 695,,Regular,,,Self Design,,,,,10019885,,,,,,Round Neck,,Three-Quarter Sleeves,Puff Sleeves,,Opaque,Regular,,,,,,Has a lining,,,
116,max,Women Pink Regular Fit Checked Casual Shirt,Rs. 699,,Regular,Regular Fit,,Other Checks,,,,,12634714,,,,,,,Casual,Three-Quarter Sleeves,,,,,,,Spread Collar,Straight,Button Placket,,,,
117,Mayra,Women Navy Blue Striped A-Line Top,Rs. 398,,Crop,,,Vertical Stripes,,,,,7256716,,,,Nautical,,V-Neck,,Three-Quarter Sleeves,Regular Sleeves,,Opaque,A-Line,,,,,,,,,
118,ether,Women Black Solid Fitted Top,Rs. 324,,Regular,,,Solid,,,,,11921142,,,,New Basics,,Round Neck,,Sleeveless,No Sleeves,,Opaque,Fitted,,,,,,,,,
119,Campus Sutra,Women White Printed Top,Rs. 359,,Crop,,,Typography,,,,,11683414,,,,,,Round Neck,,Short Sleeves,Regular Sleeves,,Opaque,Regular,Cotton,,,,,,,,
120,Nayo,Blue &amp; White Printed Tunic,Rs. 719,,,,,,Button,,,,7536024,Cotton,,,Ethnic Print,,Round Neck,Casual,Three-Quarter Sleeves,,,,,,Printed,,,,,,,Hand Wash
121,SASSAFRAS,Women Maroon Lace Top,Rs. 599,,Regular,,,Self Design,Zip,,,,4368069,,,,,,High Neck,,Three-Quarter Sleeves,Regular Sleeves,,Semi Sheer,Regular,,,,,,,,,
122,Antheaa,Women Peach-Coloured Self Design A-Line Top,Rs. 799,,,,,Self Design,,,,,8961399,,,,,,Round Neck,,Three-Quarter Sleeves,Puff Sleeves,Embroidered,Opaque,A-Line,,,,,,Has a lining,,,
123,Desigual,Women Black Printed Bardot Top,Rs. 2236,,Regular,,,Floral,,,,,10949630,,,,,,Off-Shoulder,,Long Sleeves,Bishop Sleeves,Smocking,Opaque,Bardot,,,,,,,,,
124,Mast &amp; Harbour,Women Sea Green &amp; Yellow Floral Printed Crop Top,Rs. 779,,,,,Floral,Tie-Ups,,,,11711840,,,,,,Round Neck,,Short Sleeves,Regular Sleeves,Lace Inserts,Opaque,Regular,,,,,,,,,
125,SASSAFRAS,Women Blue Solid Wrap Top,Rs. 519,,Regular,,,Solid,,,,,11364302,,,,,,V-Neck,,Long Sleeves,Slit Sleeves,Waist Tie-Ups,Opaque,Wrap,,,,,,,,,
126,H&amp;M,Women White Sequined Top,Rs. 799,,,,,Embellished,,,,,12565424,,,,,,Round Neck,,Sleeveless,No Sleeves,Sequinned,Opaque,Fitted,,,,,,Has a lining,,,
127,Marks &amp; Spencer,Women Navy Blue Solid High Neck Top,Rs. 1999,,,,,Solid,Button,,,,12533426,,,,,,High Neck,,Long Sleeves,Cuffed Sleeves,Gathered or Pleated,Opaque,Regular,,,,,,,,,
128,DOROTHY PERKINS,Women White &amp; Olive Green Petite Striped Round Neck T-shirt,Rs. 774,,Regular,Regular Fit,,,,,,,12409584,Cotton,,,New Basics,Single,Round Neck,Casual,,,,,,,Striped,,,,,,,
129,DILLINGER,Women Mustard Yellow Printed Round Neck T-shirt,Rs. 359,,Regular,Regular Fit,,,,,,,10877244,Cotton,,,Typography or Slogan Prints,Single,Round Neck,Casual,,,,,,,Printed,,,,,,,
130,plusS,Women Sea Green Solid Cinched Waist Top,Rs. 659,,Longline,,,Solid,,,,,2468600,,,,,,Round Neck,,Three-Quarter Sleeves,Regular Sleeves,Waist Tie-Ups,Opaque,Cinched Waist,,,,,,,,,
131,Veni Vidi Vici,Women Burgundy Solid Ruffled Crop Bardot Top,Rs. 444,,Crop,,,Solid,,,,,7477716,,,,,,Off-Shoulder,,Short Sleeves,Flutter Sleeves,Ruffles,Opaque,Bardot,,,,,,,,,
132,RARE,Women Black &amp; Pink Floral Printed Shirt Style Top,Rs. 636,,Regular,,,Floral,Button,,,,12364800,,,,,,Sweetheart Neck,,Long Sleeves,Cuffed Sleeves,,Opaque,Shirt Style,,,,,,,,,
133,Veni Vidi Vici,Women Red Solid Fitted Crop Top,Rs. 490,,Crop,,,Solid,,,,,7477724,,,,,,Round Neck,,Long Sleeves,Regular Sleeves,Gathered or Pleated,Opaque,Fitted,,,,,,,,,
134,Porsorte,Women Black &amp; White Printed Top,Rs. 1699,,Regular,,,Geometric,,,,,12827088,,,,Monochrome,,Keyhole Neck,,Long Sleeves,Cuffed Sleeves,,Opaque,Regular,,,,,,,,,
135,Roadster,Women Black Solid Round Neck T-shirt,Rs. 329,,Regular,Regular Fit,,,,,,,10144429,Cotton,,,New Basics,Single,Round Neck,Casual,,,,,,,Solid,,,,,,,
136,Desigual,Women Black Self Design Top,Rs. 1276,,Regular,,,Self Design,,,,,10971300,,,,,,Round Neck,,Short Sleeves,Regular Sleeves,Lace Inserts,Semi Sheer,Regular,,,,,,,,,
137,Roadster,Women Black Solid Round Neck T-shirt with Curved Hem,Rs. 244,,Regular,Regular Fit,,,,,,,11893760,Cotton,,,New Basics,Single,Round Neck,Casual,,,,,,,Solid,,,,,,,
138,plusS,Women Black Printed Top,Rs. 449,,Regular,,,Polka Dots,,,,,8915439,,,,Geometric Print,,Round Neck,,Long Sleeves,Bell Sleeves,,Opaque,Regular,,,,,,,,,
139,Vishudh,Women Taupe Printed Tunic,Rs. 419,,,,,,Button,,,,9967203,Viscose Rayon,,,Geometric Print,,Mandarin Collar,Casual,Three-Quarter Sleeves,,,,,,Printed,,,,,,,Machine Wash
140,SASSAFRAS,Mauve Dobby Sheer Boxy Shirt,Rs. 519,,Regular,Regular Fit,,Geometric,,,,,11549526,,,,,,,Casual,Long Sleeves,,,,,,,Spread Collar,Straight,Button Placket,,,,
141,Roadster,Women Navy Blue Printed Round Neck T-shirt,Rs. 384,,Regular,Regular Fit,,,,,,,2312579,Cotton,,,Graphic Print Others,Single,Round Neck,Casual,,,,,,,Printed,,,,,,,
142,Everlush,Women Purple Solid Top,Rs. 799,,Crop,,,Solid,,,,,12712516,,,,,,Halter Neck,,Sleeveless,No Sleeves,,Opaque,Regular,Cotton,,,,,,,,
143,Marks &amp; Spencer,Women White Solid Round Neck T-shirt,Rs. 799,,Regular,Regular Fit,,,,,,,11531560,Polyester,Viscose Rayon,,New Basics,Single,Round Neck,Casual,,,,,,,,,,,,,,
144,Roadster,Women Mustard Yellow Solid T-shirt,Rs. 259,,Regular,Regular Fit,,,,,,,8661663,Cotton,,,New Basics,Single,Round Neck,Casual,,,,,,,Solid,,,,,,,
145,Everlush,Women Black Self Design Fitted Top,Rs. 799,,Crop,,,Solid,,,,,12710872,,,,,,Shoulder Straps,,Sleeveless,Shoulder Straps,,Opaque,Fitted,Cotton,,,,,,,,
146,plusS,Women Pink Solid Top,Rs. 449,,,,,Solid,Button,,,,8906455,,,,,,Round Neck,,Short Sleeves,Regular Sleeves,Studded,Opaque,Regular,,,,,,,,,
147,SASSAFRAS,Women Red Solid Crop Blouson Top,Rs. 399,,,,,Solid,Button,,,,11364180,,,,,,Boat Neck,,Three-Quarter Sleeves,Extended Sleeves,Tie-Ups,Opaque,Blouson,,,,,,,,,
148,DressBerry,Women Blue Solid Denim Top,Rs. 599,,,,,Solid,Button,,,,2521905,,,,,,Mandarin Collar,,Short Sleeves,Cap Sleeves,Gathered or Pleated,Opaque,Regular,,,,,,,,,
149,Roadster,Women Mustard Yellow Solid T-shirt,Rs. 259,,Regular,Regular Fit,,,,,,,8661663,Cotton,,,New Basics,Single,Round Neck,Casual,,,,,,,Solid,,,,,,,
150,DOROTHY PERKINS,Women Yellow Regular Fit Solid Casual Shirt,Rs. 1743,,Regular,Regular Fit,,Solid,,,,,12126368,,,,,,,Casual,Long Sleeves,,,,,,,Cutaway Collar,Curved,Button Placket,,,,
151,SASSAFRAS,Women Red Solid Crop Blouson Top,Rs. 399,,,,,Solid,Button,,,,11364180,,,,,,Boat Neck,,Three-Quarter Sleeves,Extended Sleeves,Tie-Ups,Opaque,Blouson,,,,,,,,,
152,DressBerry,Women Blue Solid Denim Top,Rs. 599,,,,,Solid,Button,,,,2521905,,,,,,Mandarin Collar,,Short Sleeves,Cap Sleeves,Gathered or Pleated,Opaque,Regular,,,,,,,,,
153,Roadster,Women Maroon Solid Top,Rs. 314,,Regular,,,Solid,,,,,2181011,,,,,,Round Neck,,Short Sleeves,Regular Sleeves,Tie-Ups,Opaque,Regular,,,,,,,,,
154,H&amp;M,Women 2-Pack Jersey Tops,Rs. 1299,,Regular,,,Solid,,,,,12696250,,,,Monochrome,,Round Neck,,Long Sleeves,Regular Sleeves,,Opaque,Regular,,,,,,,,,
155,Harpa,Women Maroon &amp; White Striped Top,Rs. 539,,Regular,,,Vertical Stripes,,,,,2102605,,,,New Basics,,V-Neck,,Long Sleeves,Cuffed Sleeves,,Opaque,Regular,,,,,,,,,
156,plusS,Women Coral Pink &amp; Black Printed Top,Rs. 424,,,,,Floral,Button,,,,9657057,,,,,,Round Neck,,Long Sleeves,Bell Sleeves,Gathered or Pleated,Opaque,Regular,,,,,,,,,
157,Reebok,Women Lavender Solid Meet You There Oversized Training T-shirt,Rs. 1529,,Longline,Loose,,,,,,,11780522,Cotton,Polyester,,New Basics,Single,Round Neck,Sports,,,,,,,,,,,,,,
158,DOROTHY PERKINS,Women Yellow Organic Cotton Solid V-Neck T-shirt,Rs. 792,,Regular,Regular Fit,,,,,,,12409808,Cotton,,,New Basics,Single,V-Neck,Casual,,,,,,,,,,,,,1,
159,Roadster,Women Beige Printed Top with Tie-up Detail,Rs. 314,,Regular,,,Geometric,,,,,8353185,,,,,,Round Neck,,Short Sleeves,Extended Sleeves,Waist Tie-Ups,Opaque,Regular,,,,,,,,,
160,Marks &amp; Spencer,Women Navy Blue Solid Round Neck T-shirt,Rs. 1499,,Regular,Regular Fit,,,,,,,11445270,Cotton,Elastane,,Nautical,Single,Round Neck,Casual,,,,,,,,,,,,,,
161,Harpa,Women Dusty Pink Solid Shirt Style Top,Rs. 539,,Regular,,,Solid,Button,,,,8485301,,,,,,Mandarin Collar,,Three-Quarter Sleeves,Roll-Up Sleeves,,Opaque,Shirt Style,,,,,,,,,
162,Mayra,Women Brown Printed Blouson Top,Rs. 398,,Regular,,,Tribal,,,,,7256687,,,,Tribal or Aztec Print,,Tie-Up Neck,,Three-Quarter Sleeves,Regular Sleeves,,Opaque,Blouson,,,,,,,,,
163,VividArtsy,Women Yellow Embroidered Round Neck T-shirt,Rs. 999,,Regular,Regular Fit,,,,,,,12711116,Cotton,Elastane,,Graphic Print Others,Single,Round Neck,Casual,,,,,,,,,,,,,,
164,plusS,Women Pink Embellished Top,Rs. 569,,,,,Embellished,Button,,,,8126501,,,,,,Round Neck,,Short Sleeves,Regular Sleeves,Lace-Up,Semi Sheer,Regular,,,,,,,,,
165,DOROTHY PERKINS,Women Beige Solid Winter Top,Rs. 2490,,Regular,,,Solid,,,,,12711576,,,,,,Round Neck,,Long Sleeves,Puff Sleeves,Lace Inserts,Opaque,Regular,,,,,,,,,
166,Mayra,Women Green Solid Blouson Top,Rs. 398,,Regular,,,Solid,,,,,7256736,,,,New Basics,,Tie-Up Neck,,Three-Quarter Sleeves,Regular Sleeves,,Opaque,Blouson,,,,,,,,,
167,Marie Claire,Women Mustard Yellow Solid Top,Rs. 1499,,Regular,,,Solid,,,,,12653664,,,,,,Scoop Neck,,Three-Quarter Sleeves,Bishop Sleeves,,Opaque,Regular,Crepe,,,,,,,,
168,Cation,Women Black Solid Top,Rs. 1199,,Crop,,,Solid,,,,,8066413,,,,,,Round Neck,,Long Sleeves,Regular Sleeves,,Opaque,Regular,Cotton,,,,,,,,
169,Tokyo Talkies,Women White &amp; White Striped Top,Rs. 332,,Regular,,,Vertical Stripes,Button,,,,8158667,,,,,,Round Neck,,Three-Quarter Sleeves,Bell Sleeves,,Opaque,Regular,,,,,,,,,
170,Roadster,Women Pink Solid Round Neck T-shirt,Rs. 299,,Regular,Regular Fit,,,,,,,9740155,Cotton,,,New Basics,Single,Round Neck,Casual,,,,,,,Solid,,,,,,,
171,Mast &amp; Harbour,Women Yellow Solid V-Neck T-shirt,Rs. 279,,Regular,Regular Fit,,,,,,,11711928,Cotton,Viscose Rayon,,New Basics,Single,V-Neck,Casual,,,,,,,,,,,,,,
172,Antheaa,Women Peach-Coloured Self Design A-Line Top,Rs. 799,,,,,Self Design,,,,,8961399,,,,,,Round Neck,,Three-Quarter Sleeves,Puff Sleeves,Embroidered,Opaque,A-Line,,,,,,Has a lining,,,
173,Texco,Women Mustard Printed Top,Rs. 1349,,,,,Floral,Button,,,,12659938,,,,,,Round Neck,,Short Sleeves,Regular Sleeves,Gathered or Pleated,Opaque,Regular,,,,,,,,,
174,Tokyo Talkies,Women Black Solid Top,Rs. 402,,,,,Ethnic Motifs,Button,,,,8500557,,,,,,Round Neck,,Three-Quarter Sleeves,Regular Sleeves,Gathered or Pleated,Opaque,Regular,,,,,,,,,
175,Veni Vidi Vici,Women Black Solid Bardot Top,Rs. 444,,Crop,,,Solid,,,,,7477715,,,,,,Off-Shoulder,,Short Sleeves,Flared Sleeves,Ruffles,Opaque,Bardot,,,,,,,,,
176,HERE&amp;NOW,Women Grey Printed A-Line Top,Rs. 559,,,,,Ethnic Motifs,Button,,,,2174323,,,,,,Round Neck,,Three-Quarter Sleeves,Regular Sleeves,Gathered or Pleated,Opaque,A-Line,,,,,,,,,
177,Roadster,Women Mustard Yellow Solid Round Neck T-shirt,Rs. 324,,Regular,Regular Fit,,,,,,,9697361,Cotton,,,New Basics,Single,Round Neck,Casual,,,,,,,Solid,,,,,,,
178,SASSAFRAS,Women Black Solid High Neck Cropped Top,Rs. 549,,Crop,,,Solid,,,,,12222036,,,,,,High Neck,,Long Sleeves,Regular Sleeves,,Opaque,Regular,Cotton,,,,,,,,
179,H&amp;M,Women Jersey T-Shirt,Rs. 399,,Regular,Regular Fit,,,,,,,12125408,Cotton,,,New Basics,Single,Round Neck,Casual,,,,,,,Solid,,,,,,,
180,plusS,Women Sea Green Solid Cinched Waist Top,Rs. 659,,Longline,,,Solid,,,,,2468600,,,,,,Round Neck,,Three-Quarter Sleeves,Regular Sleeves,Waist Tie-Ups,Opaque,Cinched Waist,,,,,,,,,
181,DOROTHY PERKINS,Women Black Self Design Top,Rs. 2093,,Regular,,,Self Design,,,,,12409596,,,,,,High Neck,,Short Sleeves,Puff Sleeves,Ruffles,Semi Sheer,Regular,,,,,,,,,
182,DOROTHY PERKINS,Women Black Solid Top,Rs. 483,,Regular,,,Solid,,,,,12711572,,,,New Basics,,V-Neck,,Sleeveless,No Sleeves,,Opaque,Regular,,,,,,,,,
183,NEVA,Women Pink Printed Top,Rs. 494,,Regular,,,Floral,,,,,12839040,,,,,,Round Neck,,Short Sleeves,Regular Sleeves,,Opaque,Regular,Cotton,,,,,,,,
184,HERE&amp;NOW,Women Black Printed Blouson Top,Rs. 559,,Regular,,,Floral,,,,,2365704,,,,,,High Neck,,Long Sleeves,Regular Sleeves,Smocking,Opaque,Blouson,,,,,,,,,
185,Roadster,Women Black Striped Round Neck T-shirt,Rs. 389,,Regular,Regular Fit,,,,,,,2312573,Cotton,,,Typography or Slogan Prints,Single,Round Neck,Casual,,,,,,,Striped,,,,,,,
186,Roadster,Women Olive Green Solid Round Neck T-shirt,Rs. 324,,Regular,Regular Fit,,,,,,,2312467,Cotton,,,Utility or Military Inspired,Single,Round Neck,Casual,,,,,,,Solid,,,,,,,
187,SASSAFRAS,Women Black Solid Styled Back Crop Top,Rs. 399,,Crop,,,Solid,,,,,9070485,,,,,,Round Neck,,Short Sleeves,Regular Sleeves,Tie-Ups,Opaque,Styled Back,,,,,,,,,
188,plusS,Women Black Printed Top,Rs. 449,,Regular,,,Polka Dots,,,,,8915439,,,,Geometric Print,,Round Neck,,Long Sleeves,Bell Sleeves,,Opaque,Regular,,,,,,,,,
189,Moda Rapido,Women Navy &amp; Red Checked Shirt-Style Top,Rs. 659,,Regular,,,Checked,Button,,,,1817265,,,,,,Mandarin Collar,,Three-Quarter Sleeves,Roll-Up Sleeves,,Opaque,Shirt Style,,,,,,,,,
190,Roadster,Women Pink &amp; Navy Blue Colourblocked Round Neck T-shirt,Rs. 479,,Regular,Regular Fit,,,,,,,11398800,Cotton,,,Colourblocked,Single,Round Neck,Casual,,,,,,,Colourblocked,,,,,,,
191,SASSAFRAS,Women White &amp; Pink Printed Blouson Top,Rs. 599,,Regular,,,Floral,,,,,11364464,,,,,,Round Neck,,Three-Quarter Sleeves,Puff Sleeves,,Opaque,Blouson,,,,,,Has a lining,,,
192,Campus Sutra,Grey T-shirt,Rs. 314,,,Regular Fit,,Solid,,,,,1272037,Cotton,,,New Basics,Single,Round Neck,Casual,,,,,,,Solid,,,,,,,
193,Sangria,Navy Blue Printed Tunic,Rs. 799,,,,,,,,,,8349579,Cotton,,,Tribal or Aztec Print,,Square Neck,Casual,Three-Quarter Sleeves,,,,,,Printed,,,,,,,Hand Wash
194,Vishudh,Pink &amp; Yellow Printed Tunic,Rs. 419,,,,,,,,,,9967219,Viscose Rayon,,,New Basics,,Mandarin Collar,Casual,Three-Quarter Sleeves,,,,,,Printed,,,,,,,Machine Wash
195,SASSAFRAS,Women Navy Blue Printed Styled Back Top,Rs. 439,,Crop,,,Floral,,,,,9070107,,,,,,Round Neck,,Short Sleeves,Regular Sleeves,Tie-Ups,Opaque,Styled Back,,,,,,,,,
196,plusS,Women Pink Solid Top,Rs. 449,,,,,Solid,Button,,,,8906455,,,,,,Round Neck,,Short Sleeves,Regular Sleeves,Studded,Opaque,Regular,,,,,,,,,
197,SASSAFRAS,Women Navy Blue Solid Top,Rs. 479,,Regular,,,Solid,,,,,10856186,,,,Nautical,,High Neck,,Long Sleeves,Regular Sleeves,,Opaque,Regular,,,,,,,,,
198,DOROTHY PERKINS,Women Navy Blue &amp; White Ditsy Floral Print Top,Rs. 2990,,,,,Floral,Button,,,,12494572,,,,,,V-Neck,,Short Sleeves,Puff Sleeves,Gathered or Pleated,Opaque,Regular,,,,,,,,,
199,ether,Women White &amp; Blue Striped Dropped Shoulder Round Neck T-shirt,Rs. 359,,Regular,Boxy,,,,,,,2315684,Cotton,,,New Basics,Single,Round Neck,Casual,,,,,,,Striped,,,,,,,
200,SASSAFRAS,Women Maroon Solid Round Neck T-shirt,Rs. 359,,Crop,Regular Fit,,,,,,,9783341,Cotton,Elastane,,New Basics,Single,Round Neck,Casual,,,,,,,,,,,,,,
201,DOROTHY PERKINS,Women Peach-Coloured Embroidered Bardot Top,Rs. 572,,Regular,,,Floral,,,,,4447646,,,,,,Off-Shoulder,,Short Sleeves,Regular Sleeves,Embroidered,Opaque,Bardot,,,,,,,,,
202,UNDER ARMOUR,Women Charcoal Grey &amp; Yellow Tech Logo Graphic Print T-Shirt,Rs. 2299,,Regular,Regular Fit,,,,,,,11410150,Polyester,,,Typography or Slogan Prints,Single,Round Neck,Sports,,,,,,,Printed,,,,,,,
203,SCORPIUS,Women Navy Blue Printed Maxi Top,Rs. 945,,Longline,,,Floral,Zip,,,,7484164,,,,,,Mandarin Collar,,Long Sleeves,Regular Sleeves,,Semi Sheer,Maxi,,,,,,,,,
204,Everlush,Women Black Solid Top,Rs. 799,,Regular,,,Solid,,,,,12646156,,,,,,Round Neck,,Sleeveless,No Sleeves,Ruffles,Opaque,Regular,,,,,,,,,
205,Reebok Classic,Unisex Coral Red International Sports Printed T-Shirt,Rs. 2599,,Regular,Regular Fit,,,,,,,11701142,Cotton,,,Typography or Slogan Prints,Single,Round Neck,Sports,,,,,,,Printed,,,,,,,
206,plusS,Women Coral Pink &amp; Black Printed Top,Rs. 424,,,,,Floral,Button,,,,9657057,,,,,,Round Neck,,Long Sleeves,Bell Sleeves,Gathered or Pleated,Opaque,Regular,,,,,,,,,
207,Mast &amp; Harbour,Women Sea Green &amp; Yellow Regular Fit Floral Printed Casual Shirt,Rs. 719,,Regular,Regular Fit,,Floral,,,,,11711804,,,,,,,Casual,Long Sleeves,,,,,,,Spread Collar,Straight,Concealed Button Placket,,,,
208,Bhama Couture,Women Red Embroidered Detail A-Line Top,Rs. 611,,,,,Solid,Button,,,,9717199,,,,,,Round Neck,,Three-Quarter Sleeves,Bell Sleeves,Embroidered,Opaque,A-Line,,,,,,,,,
209,Roadster,Women Off-White Printed Detail Round Neck T-shirt,Rs. 299,,Regular,Regular Fit,,,,,,,12193406,Cotton,,,Typography or Slogan Prints,Single,Round Neck,Casual,,,,,,,Solid,,,,,,,
210,Moda Rapido,Women Navy Solid Round Neck T-shirt,Rs. 486,,Regular,Boxy,,,,,,,8813351,Cotton,,,Pocket Detailing,Single,Round Neck,Casual,,,,,,,,,,,,,1,
211,her by invictus,Women White &amp; Maroon Checked Top,Rs. 699,,Regular,,,Checked,Button,,,,11735674,,,,,,Square Neck,,Short Sleeves,Puff Sleeves,,Opaque,Regular,,,,,,,,,
212,Reebok Classic,Unisex Black International Sports Printed T-Shirt,Rs. 2599,,Regular,Regular Fit,,,,,,,11701130,Cotton,,,Typography or Slogan Prints,Single,Round Neck,Sports,,,,,,,Printed,,,,,,,
213,Miss Chase,Black Bodysuit,Rs. 674,,,,,,,,,,1733765,Cotton,,,,,,Casual,,,,,,,Solid,,,,,,,Machine Wash
214,plusS,Women Pink Embellished Top,Rs. 569,,,,,Embellished,Button,,,,8126501,,,,,,Round Neck,,Short Sleeves,Regular Sleeves,Lace-Up,Semi Sheer,Regular,,,,,,,,,
215,Roadster,Women Olive Green &amp; Brown Printed Polo Collar T-shirt,Rs. 359,,Regular,Regular Fit,,,,,,,1768591,Cotton,,,Utility or Military Inspired,Single,Polo Collar,Casual,,,,,,,Printed,,,,,,,
216,RARE,Women Black Checked Cinched Waist Top,Rs. 599,,Regular,,,Checked,,,,,6743810,,,,,,Round Neck,,Long Sleeves,Cuffed Sleeves,Tie-Ups,Opaque,Cinched Waist,,,,,,,,,
217,Roadster,Women Navy Blue Solid V-Neck T-shirt,Rs. 314,,Regular,Regular Fit,,,,,,,10411910,Cotton,,,New Basics,Single,V-Neck,Casual,,,,,,,Solid,,,,,,,
218,VividArtsy,Women Pink Quirky Embroidered Detail Solid Round Neck T-shirt,Rs. 999,,Regular,Regular Fit,,,,,,,12739596,Cotton,Elastane,,Conversational Print,Single,Round Neck,Casual,,,,,,,,,,,,,,
219,Athena,Women Red Solid Top,Rs. 519,,,,,Solid,Tie-Ups,,,,12031394,,,,,,V-Neck,,Short Sleeves,Puff Sleeves,Waist Tie-Ups,Opaque,Regular,,,,,,,,,
220,Desigual,Women Navy Blue Floral Print Top,Rs. 2303,,Regular,,,Floral,,,,,11877372,,,,Floral Print,,V-Neck,,Short Sleeves,Cap Sleeves,,Opaque,Regular,,,,,,,,,
221,MANGO,Women Black Solid Turtle Neck T-shirt,Rs. 973,,Regular,Regular Fit,,,,,,,12524166,Viscose Rayon,Elastane,,New Basics,Single,Turtle Neck,Casual,,,,,,,,,,,,,,
222,Antheaa,Women Peach-Coloured Self Design A-Line Top,Rs. 799,,,,,Self Design,,,,,8961399,,,,,,Round Neck,,Three-Quarter Sleeves,Puff Sleeves,Embroidered,Opaque,A-Line,,,,,,Has a lining,,,
223,Kook N Keech Disney,Women White Printed Round Neck T-shirt,Rs. 314,,Regular,Regular Fit,,,,,,,2024086,Cotton,Viscose Rayon,,Typography or Slogan Prints,Single,Round Neck,,,,,,,,,,,,,Donald Duck,,
224,UNDER ARMOUR,Women Peach-Coloured Self-Design Tech Twist Training T-Shirt,Rs. 1999,,Regular,Regular Fit,,,,,,,11409916,Polyester,,,New Basics,Single,Round Neck,Sports,,,,,,,Self Design,,,,,,,
225,H&amp;M,Women Black Solid Draped Top,Rs. 799,,Crop,,,Solid,,,,,12154698,,,,New Basics,,Round Neck,,Long Sleeves,Regular Sleeves,,Opaque,Regular,,,,,,,,,
226,Harpa,Women Black Solid Peplum Top,Rs. 629,,Regular,,,Self Design,Concealed Zip,,,,7455902,,,,,,Round Neck,,Short Sleeves,Regular Sleeves,,Semi Sheer,Peplum,,,,,,,,,
227,Roadster,Women Pink Dobby Weave Self-Striped Top,Rs. 584,,Regular,,,Vertical Stripes,Button,,,,11681406,,,,,,V-Neck,,Three-Quarter Sleeves,Cuffed Sleeves,,Opaque,Regular,,,,,,,,,
228,Kook N Keech,Women Black Printed Round Neck Crop T-shirt,Rs. 244,,Crop,Regular Fit,,,,,,,2414677,Cotton,,,Monochrome,Single,Round Neck,Casual,,,,,,,Printed,,,,,,,
229,Bhama Couture,Women White Embellished A-Line Top,Rs. 611,,Regular,,,Floral,,,,,7575131,,,,Floral Print,,Round Neck,,Three-Quarter Sleeves,Regular Sleeves,,Opaque,A-Line,,,,,,,,,
230,plusS,Women Sea Green Solid Cinched Waist Top,Rs. 659,,Longline,,,Solid,,,,,2468600,,,,,,Round Neck,,Three-Quarter Sleeves,Regular Sleeves,Waist Tie-Ups,Opaque,Cinched Waist,,,,,,,,,
231,DOROTHY PERKINS,Women White Solid Top,Rs. 552,,Regular,,,Solid,,,,,12310848,,,,,,Scoop Neck,,Sleeveless,No Sleeves,,Opaque,Regular,Cotton,,,,,,,,
232,max,Women White Printed Round Neck T-shirt,Rs. 299,,Regular,Regular Fit,,,,,,,12607320,Cotton,,,Geometric Print,Single,Round Neck,Casual,,,,,,,Printed,,,,,,,
233,Roadster,Women Mustard Yellow Solid Round Neck T-Shirt,Rs. 259,,Regular,Regular Fit,,,,,,,11697266,Cotton,,,New Basics,Single,Round Neck,Casual,,,,,,,Solid,,,,,,,
234,Mast &amp; Harbour,Women Dusty Pink Solid Top,Rs. 399,,,,,Solid,Button,,,,11711862,,,,,,Mandarin Collar,,Short Sleeves,Puff Sleeves,Ruffles,Semi Sheer,Regular,,,,,,,,,
235,Roadster,Women Burgundy Solid V-Neck T-shirt,Rs. 324,,Regular,Regular Fit,,,,,,,9740077,Cotton,,,New Basics,Single,V-Neck,Casual,,,,,,,Solid,,,,,,,
236,Reebok,Women Grey Supply Activchill + Cotton Solid Styled Back Top,Rs. 1979,,Regular,,,Solid,,,,,11712522,,,,,,Round Neck,,Sleeveless,No Sleeves,Cut Out,Opaque,Styled Back,,,,,,,,,
237,Bhama Couture,Women Navy Blue Printed Bell Sleeves A-Line Top,Rs. 509,,Regular,,,Ethnic Motifs,,,,,12151760,,,,,,Tie-Up Neck,,Long Sleeves,Bell Sleeves,Gathered or Pleated,Opaque,A-Line,,,,,,,,,
238,plusS,Women Black Printed Top,Rs. 449,,Regular,,,Polka Dots,,,,,8915439,,,,Geometric Print,,Round Neck,,Long Sleeves,Bell Sleeves,,Opaque,Regular,,,,,,,,,
239,Bhama Couture,Women Beige &amp; Pink Printed Tunic,Rs. 629,,,,,,,,,,11090026,Cotton,,,Floral Print,,Round Neck,Ethnic,Long Sleeves,,Gathers,,,,Printed,,,,,,,
240,DressBerry,Women White Solid Round Neck T-shirt,Rs. 421,,Regular,Regular Fit,,,,,,,11902616,Cotton,,,New Basics,Single,Round Neck,Casual,,,,,,,Solid,,,,,,,
241,Roadster,Women Maroon Solid Round Neck T-shirt,Rs. 239,,Regular,Regular Fit,,,,,,,11893842,Cotton,,,New Basics,Single,Round Neck,Casual,,,,,,,Solid,,,,,,,
242,H&amp;M,Women Pink Sequined Top,Rs. 799,,,,,Embellished,Zip,,,,12565434,,,,,,Round Neck,,Sleeveless,No Sleeves,Sequinned,Opaque,Regular,,,,,,,,,
243,Roadster,Women Blue Regular Fit Printed Casual Shirt,Rs. 549,,Regular,Regular Fit,,Geometric,,,,,7207502,,,,,,,Casual,Long Sleeves,,,,,,,Spread Collar,Curved,Button Placket,,,,
244,Marks &amp; Spencer,Women Rust Red Smocked Detail Solid Top,Rs. 1999,,,,,Solid,Button,,,,12533434,,,,,,Round Neck,,Long Sleeves,Cuffed Sleeves,Smocking,Opaque,Regular,,,,,,,,,
245,HERE&amp;NOW,Little Tied Up Floral Top,Rs. 559,,Regular,,,Floral,,,,,2496587,,,,Floral Print,,Tie-Up Neck,,Long Sleeves,Cuffed Sleeves,,Opaque,Regular,,,,,,,,,
246,plusS,Women Pink Solid Top,Rs. 449,,,,,Solid,Button,,,,8906455,,,,,,Round Neck,,Short Sleeves,Regular Sleeves,Studded,Opaque,Regular,,,,,,,,,
247,KASSUALLY,Women Black Sheer Ruffled Shirt-Style Top,Rs. 419,,,,,Solid,Button,,,,10658926,,,,,,Mandarin Collar,,Long Sleeves,Cuffed Sleeves,Ruffles,Semi Sheer,Shirt Style,,,,,,,,,
248,Tokyo Talkies,Women Pink Solid A-Line Top,Rs. 369,,Regular,,,Solid,,,,,11932610,,,,New Basics,,V-Neck,,Three-Quarter Sleeves,Bell Sleeves,,Opaque,A-Line,,,,,,,,,
249,Tokyo Talkies,Women Pink Solid A-Line Top,Rs. 369,,Regular,,,Solid,,,,,11932610,,,,New Basics,,V-Neck,,Three-Quarter Sleeves,Bell Sleeves,,Opaque,A-Line,,,,,,,,,
250,DILLINGER,Women Navy Blue Solid Round Neck T-shirt,Rs. 443,,Regular,Regular Fit,,,,,,,10426090,Cotton,,,New Basics,Single,Round Neck,Casual,,,,,,,Solid,,,,,,,
251,Everlush,Women Black Self Design Fitted Top,Rs. 799,,Crop,,,Solid,,,,,12710872,,,,,,Shoulder Straps,,Sleeveless,Shoulder Straps,,Opaque,Fitted,Cotton,,,,,,,,
252,DressBerry,Women Orange Solid Round Neck T-shirt,Rs. 329,,Regular,Regular Fit,,,,,,,11902686,Cotton,,,New Basics,Single,Round Neck,Casual,,,,,,,Solid,,,,,,,
253,Berrylush,Women Maroon Solid Bardot Top,Rs. 438,,Crop,,,Solid,,,,,6994011,,,,,,Off-Shoulder,,Short Sleeves,Flutter Sleeves,Ruffles,Opaque,Bardot,,,,,,,,,
254,Reebok,Women Blue Supply Activchill + Cotton Solid Styled Back Top,Rs. 1979,,Regular,,,Solid,,,,,11712514,,,,,,Round Neck,,Sleeveless,No Sleeves,Cut Out,Opaque,Styled Back,,,,,,,,,
255,DOROTHY PERKINS,Women Peach-Coloured Solid Top,Rs. 1074,,Regular,,,Solid,,,,,12310846,,,,,,V-Neck,,Sleeveless,No Sleeves,Tie-Ups,Opaque,Regular,,,,,,,,,
256,plusS,Women Coral Pink &amp; Black Printed Top,Rs. 424,,,,,Floral,Button,,,,9657057,,,,,,Round Neck,,Long Sleeves,Bell Sleeves,Gathered or Pleated,Opaque,Regular,,,,,,,,,
257,DILLINGER,Women Red &amp; White Colourblocked Round Neck T-shirt,Rs. 449,,Regular,Regular Fit,,,,,,,10426050,Cotton,,,Nautical,Single,Round Neck,Casual,,,,,,,Colourblocked,,,,,,,
258,Marie Claire,Women Off-White Printed Top,Rs. 610,,Regular,,,Floral,,,,,2213582,,,,Floral Print,,Shoulder Straps,,Sleeveless,Shoulder Straps,,Opaque,Regular,,,,,,,,,
259,Veni Vidi Vici,Women Black Self-Design Crop Top,Rs. 490,,Regular,,,Solid,,,,,1617114,,,,,,Round Neck,,Short Sleeves,Cold-Shoulder Sleeves,Sheen,Opaque,Fitted,,,,,,,,,
260,Kazo,Women Green Printed Top,Rs. 1290,,Regular,,,Floral,,,,,12809786,,,,Floral Print,,Shoulder Straps,,Sleeveless,No Sleeves,,Opaque,Regular,,,,,,,,,
261,Mayra,Women Pink Striped High-Low Top,Rs. 398,,Regular,,,Vertical Stripes,,,,,7256888,,,,New Basics,,V-Neck,,Three-Quarter Sleeves,Regular Sleeves,,Opaque,High-Low,,,,,,,,,
262,DOROTHY PERKINS,Petite Women Coral Red &amp; Green Ditsy Floral Print Top,Rs. 2790,,,,,Floral,Button,,,,12494514,,,,,,V-Neck,,Short Sleeves,Puff Sleeves,Gathered or Pleated,Opaque,Regular,,,,,,,,,
263,Athena,Women Burgundy Solid Bardot Top,Rs. 518,,Regular,,,Solid,,,,,10733250,,,,,,Off-Shoulder,,Short Sleeves,Regular Sleeves,Gathered or Pleated,Opaque,Bardot,,,,,,,,,
264,plusS,Women Pink Embellished Top,Rs. 569,,,,,Embellished,Button,,,,8126501,,,,,,Round Neck,,Short Sleeves,Regular Sleeves,Lace-Up,Semi Sheer,Regular,,,,,,,,,
265,Tokyo Talkies,Women Green Solid Top,Rs. 349,,Regular,,,Solid,Button,,,,8119627,,,,,,High Neck,,Long Sleeves,Cuffed Sleeves,,Opaque,Regular,,,,,,,,,
266,Varanga,Women Black &amp; Gold-Coloured Printed Cropped Regular Top with Embroidered Detail,Rs. 579,,,,,Ethnic Motifs,Button,,,,12317110,,,,,,Round Neck,,Three-Quarter Sleeves,Bell Sleeves,Embroidered,Opaque,Regular,,,,,,,,,
267,Everlush,Women Maroon Solid Crop Top,Rs. 799,,Crop,,,Solid,,,,,12712514,,,,,,Halter Neck,,Sleeveless,Shoulder Straps,,Opaque,Regular,Cotton,,,,,,,,
268,DOROTHY PERKINS,Women White Solid Top with Floral Print Sleeves,Rs. 2990,,Regular,,,Solid,,,,,12494654,,,,,,Square Neck,,Three-Quarter Sleeves,Puff Sleeves,Gathered or Pleated,Opaque,Regular,,,,,,,,,
269,Bhama Couture,Women Mustard Yellow Solid A-Line Top,Rs. 611,,,,,Solid,Hook and Eye,,,,9430109,,,,,,Round Neck,,Three-Quarter Sleeves,Regular Sleeves,Embroidered,Opaque,A-Line,,,,,,,,,
270,Harpa,Women Dusty Pink Solid Top,Rs. 539,,,,,Solid,Button,,,,8485223,,,,,,V-Neck,,Long Sleeves,Cuffed Sleeves,Gathered or Pleated,Opaque,Regular,,,,,,,,,
271,Nike,Women Black Printed AIR CREW FS Round Neck T-shirt,Rs. 897,,Regular,Regular Fit,,,,,,,11851728,Cotton,,,Typography or Slogan Prints,Single,Round Neck,Sports,,,,,,,Printed,,,,,,,
272,Antheaa,Women Peach-Coloured Self Design A-Line Top,Rs. 799,,,,,Self Design,,,,,8961399,,,,,,Round Neck,,Three-Quarter Sleeves,Puff Sleeves,Embroidered,Opaque,A-Line,,,,,,Has a lining,,,
273,Veni Vidi Vici,Women White Solid Bardot Top,Rs. 444,,Regular,,,Solid,,,,,7477729,,,,,,Off-Shoulder,,Short Sleeves,Flutter Sleeves,Ruffles,Opaque,Bardot,,,,,,,,,
274,Sera,Brown Leopard Print Balloon Sleeve Top,Rs. 658,,Crop,,,Animal,Button,,,,11519740,,,,,,V-Neck,,Short Sleeves,Bishop Sleeves,,Opaque,Regular,,,,,,,,,
275,DOROTHY PERKINS,Women White Solid Semi-Sheer Shirt Style Top,Rs. 1374,,Regular,,,Solid,,,,,11649514,,,,New Basics,,Mandarin Collar,,Long Sleeves,Roll-Up Sleeves,,Semi Sheer,Shirt Style,,,,,,,,,
276,Roadster,Women Navy Blue &amp; Red Regular Fit Printed Casual Shirt,Rs. 909,,Regular,Regular Fit,,Floral,,,,,10962530,,,,,,,Casual,Long Sleeves,,,,,,,Spread Collar,Curved,Button Placket,,,,
277,ether,Unisex White Printed Stripe Round Neck T-shirt,Rs. 329,,Regular,Regular Fit,,,,,,,2199703,Cotton,,,Monochrome,Single,Round Neck,Casual,,,,,,,Striped,,,,,,,
278,Yuuki,Women Black Solid Mock Neck Running T-shirt,Rs. 639,,Regular,Slim Fit,,,,,,,10693450,Polyester,Elastane,,New Basics,Single,High Neck,Sports,,,,,,,,,,,,,,
279,Bhama Couture,Women Pink Embroidered Empire Top,Rs. 611,,Regular,,,Floral,,,,,9717171,,,,,,Round Neck,,Three-Quarter Sleeves,Bell Sleeves,Embroidered,Opaque,Empire,,,,,,,,,
280,plusS,Women Sea Green Solid Cinched Waist Top,Rs. 659,,Longline,,,Solid,,,,,2468600,,,,,,Round Neck,,Three-Quarter Sleeves,Regular Sleeves,Waist Tie-Ups,Opaque,Cinched Waist,,,,,,,,,
281,NEVA,Women Blue Self Design Top,Rs. 629,,Regular,,,Horizontal Stripes,,,,,12839048,,,,,,Round Neck,,Three-Quarter Sleeves,Regular Sleeves,,Opaque,Regular,Cotton,,,,,,,,
282,DOROTHY PERKINS,Women Peach-Coloured Self Design Schiffli Embroidered Top,Rs. 1488,,,,,Self Design,Button,,,,12311026,,,,,,Round Neck,,Short Sleeves,Regular Sleeves,,Opaque,Regular,,,,,,Has a lining,,,
283,Everlush,Women Silver-Toned Shimmery Ruffled Fitted Top,Rs. 799,,,,,Shimmer,Button,,,,12646160,,,,,,Round Neck,,Sleeveless,No Sleeves,Ruffles,Opaque,Fitted,,,,,,,,,
284,Tokyo Talkies,Women Maroon Solid Top,Rs. 419,,,,,Solid,Button,,,,8195051,,,,,,Round Neck,,Three-Quarter Sleeves,Regular Sleeves,Lace Inserts,Opaque,Regular,,,,,,,,,
285,OFF LIMITS,Women Pink Solid Round Neck T-shirt,Rs. 359,,Regular,Regular Fit,,,,,,,12759750,Polyester,,,New Basics,Single,Round Neck,Sports,,,,,,,Solid,,,,,,,
286,Minions by Kook N Keech,Women Red Printed Round Neck T-shirt,Rs. 244,,Regular,Regular Fit,,,,,,,2001717,Cotton,,,Graphic Print Others,Single,Round Neck,Casual,,,,,,,Printed,,,,,,,
287,Harpa,Women Black Solid Crop Top,Rs. 539,,,,,Solid,Button,,,,8485221,,,,,,Round Neck,,Short Sleeves,Regular Sleeves,Cut Out,Opaque,Regular,,,,,,,,,
288,plusS,Women Black Printed Top,Rs. 449,,Regular,,,Polka Dots,,,,,8915439,,,,Geometric Print,,Round Neck,,Long Sleeves,Bell Sleeves,,Opaque,Regular,,,,,,,,,
289,Roadster,Women White Printed Round Neck T-shirt,Rs. 324,,Regular,Regular Fit,,,,,,,10968540,Cotton,,,Typography or Slogan Prints,Single,Round Neck,Casual,,,,,,,Printed,,,,,,,
290,Desigual,Women Black Printed Top With Lace Details,Rs. 2934,,Regular,,,Ethnic Motifs,,,,,11877366,,,,,,Round Neck,,Short Sleeves,Flared Sleeves,Lace Inserts,Opaque,Regular,,,,,,,,,
291,Roadster,Women Peach-Coloured Solid Styled Back Top,Rs. 239,,Regular,,,Solid,,,,,11955174,,,,New Basics,,Shoulder Straps,Casual,,Shoulder Straps,,Opaque,Styled Back,,,,,,,,,
292,COVER STORY,by KARL LAGERFELD Women Black Solid Fitted Top,Rs. 6990,,Regular,,,Solid,,,,,12751206,,,,New Basics,,Strapless,,Sleeveless,No Sleeves,,Opaque,Fitted,,,,,,,,,
293,ONLY,Women Mustard Yellow &amp; Black Smocked Printed Empire Top,Rs. 1043,,,,,Abstract,Button,,,,11523852,,,,,,Round Neck,,Short Sleeves,Flared Sleeves,Smocking,Opaque,Empire,,,,,,,,,
294,Varanga,Women White Solid Shirt Style Top,Rs. 447,,,,,Solid,Button,,,,9039205,,,,,,Mandarin Collar,,Three-Quarter Sleeves,Regular Sleeves,Embroidered,Opaque,Shirt Style,,,,,,,,,
295,Roadster,Women Mustard Yellow Solid Round Neck T-shirt,Rs. 359,,Regular,Regular Fit,,,,,,,11893634,Cotton,Polyester,,New Basics,Single,Round Neck,Casual,,,,,,,,,,,,,,
296,plusS,Women Pink Solid Top,Rs. 449,,,,,Solid,Button,,,,8906455,,,,,,Round Neck,,Short Sleeves,Regular Sleeves,Studded,Opaque,Regular,,,,,,,,,
297,Roadster,Women Grey Melange Solid Round Neck Crop T-shirt,Rs. 179,,Crop,Regular Fit,,,,,,,11697386,Cotton,,,New Basics,Single,Round Neck,Casual,,,,,,,Solid,,,,,,,
298,DOROTHY PERKINS,Women Grey Melange Solid Top,Rs. 2290,,Regular,,,Solid,,,,,12494584,,,,,,Boat Neck,,Long Sleeves,Extended Sleeves,Waist Tie-Ups,Opaque,Regular,,,,,,,,,
299,Roadster,Women Black and Pink Striped Round Neck T-shirt,Rs. 244,,Regular,Regular Fit,,,,,,,11092626,Cotton,,,Multi or Variegated Stripes,Single,Round Neck,Casual,,,,,,,Striped,,,,,,,
300,NEVA,Women Blue Self Design Top,Rs. 629,,Regular,,,Horizontal Stripes,,,,,12839048,,,,,,Round Neck,,Three-Quarter Sleeves,Regular Sleeves,,Opaque,Regular,Cotton,,,,,,,,
301,Myshka,Women Taupe &amp; Brown Printed A-Line Top,Rs. 467,,Regular,,,Conversational,,,,,9825421,,,,,,Tie-Up Neck,,Three-Quarter Sleeves,Regular Sleeves,Gathered or Pleated,Opaque,A-Line,,,,,,,,,
302,SASSAFRAS,Women Blue &amp; White Striped Empire Top,Rs. 419,,Regular,,,Vertical Stripes,,,,,2472424,,,,New Basics,,Shoulder Straps,,,Shoulder Straps,Gathered or Pleated,Opaque,Empire,,,,,,,,,
303,Cation,Women Black Solid Fitted Top,Rs. 1199,,Crop,,,Solid,,,,,8178423,,,,,,One Shoulder,,Long Sleeves,Regular Sleeves,,Opaque,Fitted,Cotton,,,,,,,,
304,Roadster,Women Navy Blue &amp; Red Regular Fit Printed Casual Shirt,Rs. 909,,Regular,Regular Fit,,Floral,,,,,10962530,,,,,,,Casual,Long Sleeves,,,,,,,Spread Collar,Curved,Button Placket,,,,
305,Annabelle by Pantaloons,Women White Regular Fit Solid Formal Shirt,Rs. 719,,Regular,Regular Fit,,Solid,,,,,11367530,,,,,,,Formal,Long Sleeves,,,,,,,Spread Collar,Curved,Button Placket,,,,
306,plusS,Women Coral Pink &amp; Black Printed Top,Rs. 424,,,,,Floral,Button,,,,9657057,,,,,,Round Neck,,Long Sleeves,Bell Sleeves,Gathered or Pleated,Opaque,Regular,,,,,,,,,
307,Scotch &amp; Soda,Women Rust Red Solid Top,Rs. 8990,,Regular,,,Solid,,,,,8532549,,,,New Basics,,Tie-Up Neck,,Long Sleeves,Puff Sleeves,,Opaque,Regular,,,,,,,,,
308,Scotch &amp; Soda,Women Green Printed Top,Rs. 11990,,,,,Floral,Zip,,,,8532587,,,,,,Round Neck,,Short Sleeves,Cuffed Sleeves,Ruffles,Opaque,Regular,,,,,,,,,
309,Everlush,Women Silver-Toned Shimmery Ruffled Fitted Top,Rs. 799,,,,,Shimmer,Button,,,,12646160,,,,,,Round Neck,,Sleeveless,No Sleeves,Ruffles,Opaque,Fitted,,,,,,,,,
310,Azira,Women Off-White &amp; Navy Printed A-Line Top,Rs. 671,,Regular,,,Geometric,,,,,11048472,,,,,,Tie-Up Neck,,Short Sleeves,Regular Sleeves,Gathered or Pleated,Opaque,A-Line,,,,,,,,,
311,Roadster,Women Black Solid V-Neck T-shirt,Rs. 324,,Regular,Regular Fit,,,,,,,12193686,Cotton,,,New Basics,Single,V-Neck,Casual,,,,,,,Solid,,,,,,,
312,Roadster,Women Maroon Printed Top,Rs. 279,,Regular,,,Graphic,,,,,2515526,,,,,,Round Neck,,Short Sleeves,Cold-Shoulder Sleeves,Lace-Up,Opaque,Regular,,,,,,,,,
313,SASSAFRAS,Women Blue &amp; Off-White Printed Blouson Crop Top,Rs. 519,,,,,Floral,Button,,,,11364440,,,,,,Round Neck,,Long Sleeves,Puff Sleeves,Smocking,Opaque,Blouson,,,,,,,,,
314,plusS,Women Pink Embellished Top,Rs. 569,,,,,Embellished,Button,,,,8126501,,,,,,Round Neck,,Short Sleeves,Regular Sleeves,Lace-Up,Semi Sheer,Regular,,,,,,,,,
315,OFF LIMITS,Women Pink Solid Round Neck T-shirt,Rs. 359,,Regular,Regular Fit,,,,,,,12759750,Polyester,,,New Basics,Single,Round Neck,Sports,,,,,,,Solid,,,,,,,
316,DOROTHY PERKINS,Women White Self Design Semi-Sheer Top,Rs. 2990,,Regular,,,Self Design,,,,,12494582,,,,,,V-Neck,,Three-Quarter Sleeves,Puff Sleeves,Waist Tie-Ups,Semi Sheer,Regular,,,,,,,,,
317,PERFKT-U,Women White Solid Turtle Neck T-shirt,Rs. 511,,Regular,Regular Fit,,,,,,,10867778,Polyester,,,New Basics,Single,Turtle Neck,Sports,,,,,,,Solid,,,,,,,
318,SCORPIUS,Women Black Solid Crop Top,Rs. 519,,Crop,,,Solid,,,,,11966466,,,,New Basics,,High Neck,,Long Sleeves,Regular Sleeves,,Opaque,Regular,,,,,,,,,
319,Roadster,Women Orange Solid V-Neck T-shirt,Rs. 324,,Regular,Regular Fit,,,,,,,9740211,Cotton,,,New Basics,Single,V-Neck,Casual,,,,,,,Solid,,,,,,,
320,COVER STORY,by KARL LAGERFELD Women Black Solid Fitted Top,Rs. 6990,,Regular,,,Solid,,,,,12751206,,,,New Basics,,Strapless,,Sleeveless,No Sleeves,,Opaque,Fitted,,,,,,,,,
321,Everlush,Women Black Self Design Fitted Crop Top,Rs. 799,,Crop,,,Solid,,,,,12710884,,,,,,Halter Neck,,Short Sleeves,Shoulder Straps,,Opaque,Fitted,Cotton,,,,,,,,
322,Antheaa,Women Peach-Coloured Self Design A-Line Top,Rs. 799,,,,,Self Design,,,,,8961399,,,,,,Round Neck,,Three-Quarter Sleeves,Puff Sleeves,Embroidered,Opaque,A-Line,,,,,,Has a lining,,,
323,Roadster,Women Beige Striped Round Neck T-shirt,Rs. 404,,Regular,Regular Fit,,,,,,,11893870,Cotton,Polyester,,New Basics,Single,Round Neck,Casual,,,,,,,,,,,,,,
324,HRX by Hrithik Roshan,Women Medieval Blue Solid Rapid-Dry Running T-shirt,Rs. 494,,Regular,Regular Fit,,,,,,,12486782,Polyester,,,Typography or Slogan Prints,Single,Round Neck,Sports,,,,,,,Printed,,,,,,,
325,Kazo,Women Green Solid Top,Rs. 1990,,Regular,,,Solid,,,,,12768776,,,,New Basics,,V-Neck,,Long Sleeves,Puff Sleeves,,Opaque,Regular,,,,,,,,,
326,MANGO,Women Black Solid Sustainable Top with Twisted Detail,Rs. 742,,Regular,,,Solid,,,,,12676810,,,,,,Round Neck,,Long Sleeves,Regular Sleeves,Twisted,Opaque,Regular,,,,,,,,,
327,H&amp;M,Women White Printed T-shirt,Rs. 399,,Regular,Regular Fit,,,,,,,12155036,Cotton,,,Typography or Slogan Prints,Single,Round Neck,Casual,,,,,,,Printed,,,,,,,
328,Nayo,Women Peach-Coloured &amp; Mustard Yellow Printed A-Line Top,Rs. 494,,,,,Floral,Button,,,,7723426,,,,,,Boat Neck,,Three-Quarter Sleeves,Bell Sleeves,Gathered or Pleated,Opaque,A-Line,,,,,,,,,
329,Popnetic,Beige High-Low Top,Rs. 329,,,,,Solid,Button,,,,1754502,,,,,,High Neck,,Long Sleeves,Bell Sleeves,Cut Out,Opaque,High-Low,,,,,,,,,
330,plusS,Women Sea Green Solid Cinched Waist Top,Rs. 659,,Longline,,,Solid,,,,,2468600,,,,,,Round Neck,,Three-Quarter Sleeves,Regular Sleeves,Waist Tie-Ups,Opaque,Cinched Waist,,,,,,,,,
331,Zivame,Women Grey Printed Top,Rs. 1295,,Regular,,,Typography,,,,,12760444,,,,Typography or Slogan Print,,Round Neck,,Long Sleeves,Regular Sleeves,,Opaque,Regular,,,,,,,,,
332,MANGO,Women Black Solid Boat Neck T-shirt,Rs. 667,,Regular,Regular Fit,,,,,,,12676288,Cotton,,,New Basics,Single,Boat Neck,Casual,,,,,,,Solid,,,,,,,
333,Campus Sutra,Women White Printed Crop Top,Rs. 404,,Crop,,,Typography,,,,,11683422,,,,,,Round Neck,,Short Sleeves,Regular Sleeves,,Opaque,Regular,Cotton,,,,,,,,
334,DOROTHY PERKINS,Women Blue Solid Top,Rs. 1618,,Regular,,,Solid,Button,,,,12126034,,,,,,Round Neck,,Short Sleeves,Extended Sleeves,,Opaque,Regular,,,,,,,,,
335,Harpa,Mustard Yellow Top,Rs. 499,,Regular,,,Solid,Button,,,,1744648,,,,,,V-Neck,,Short Sleeves,Flared Sleeves,,Opaque,Blouson,,,,,,,,,
336,Shree,Women Red &amp; Golden Printed Tunic,Rs. 749,,,,,,,,,,11446866,Liva,,,Ethnic Print,,Mandarin Collar,Ethnic,Three-Quarter Sleeves,,Embellished,,,,Printed,,,,,,,
337,ether,Unisex White Striped Round Neck T-shirt,Rs. 299,,Regular,Regular Fit,,,,,,,2199698,Cotton,,,New Basics,Single,Round Neck,Casual,,,,,,,Striped,,,,,,,
338,plusS,Women Black Printed Top,Rs. 449,,Regular,,,Polka Dots,,,,,8915439,,,,Geometric Print,,Round Neck,,Long Sleeves,Bell Sleeves,,Opaque,Regular,,,,,,,,,
339,Cation,Women Navy Blue Solid Shirt Style Top,Rs. 1499,,Regular,,,Solid,Button,,,,10220891,,,,,,Shirt Collar,,Long Sleeves,Bell Sleeves,,Opaque,Shirt Style,,,,,,,,,
340,STREET 9,Women Black Embellished Peplum Top,Rs. 749,,,,,Embellished,Concealed Zip,,,,7287258,,,,,,V-Neck,,Short Sleeves,Flared Sleeves,Sequinned,Opaque,Peplum,,,,,,,,,
341,DOROTHY PERKINS,Women Red Solid Top,Rs. 537,,Regular,,,Solid,,,,,9349363,,,,,,Square Neck,,Short Sleeves,Cold-Shoulder Sleeves,Ruffles,Opaque,Regular,,,,,,,,,
342,Nayo,Magenta &amp; Orange Printed Tunic,Rs. 649,,,,,,,,,,8034961,Cotton,,,Geometric Print,,V-Neck,Ethnic,Three-Quarter Sleeves,,Gathers,,,,Printed,,,,,,,
343,her by invictus,Women Black &amp; White Striped Top,Rs. 349,,Regular,,,Horizontal Stripes,,,,,11735686,,,,Monochrome,,Round Neck,,Short Sleeves,Extended Sleeves,,Opaque,Regular,,,,,,,,,
344,Everlush,Women Purple Self Design Crop Top,Rs. 799,,Crop,,,Solid,,,,,12710882,,,,,,Shoulder Straps,,Sleeveless,Shoulder Straps,,Opaque,Regular,Cotton,,,,,,,,
345,Mayra,Women Black Solid Crop Top,Rs. 358,,Crop,,,Solid,,,,,4441317,,,,New Basics,,Round Neck,,Sleeveless,No Sleeves,,Opaque,Regular,,,,,,,,,
346,plusS,Women Pink Solid Top,Rs. 449,,,,,Solid,Button,,,,8906455,,,,,,Round Neck,,Short Sleeves,Regular Sleeves,Studded,Opaque,Regular,,,,,,,,,
347,Kazo,Women Black Printed Top,Rs. 1490,,Regular,,,Floral,,,,,12809788,,,,Floral Print,,Halter Neck,,Sleeveless,No Sleeves,,Opaque,Regular,,,,,,,,,
348,DOROTHY PERKINS,Petite Women Olive Green Solid Round Neck T-shirt,Rs. 693,,Regular,Regular Fit,,,,,,,12311092,Cotton,,,Utility or Military Inspired,Single,Round Neck,Casual,,,,,,,Solid,,,,,,,
