,title,name,price,Waist Rise,Length,Fit,Brand Fit Name,Print or Pattern Type,Closure,Type of Pleat,Weave Type,Fly Type,productId,Hemline,Knit or Woven,Surface Styling,Transparency,Type,specifications,Lining,Number of Pockets,Occasion,Slit Detail
0,HERE&amp;NOW,Blooming Beauty Tiered Maxi Skirt,Rs. 719,,Maxi,,,Floral,Drawstring,,,,4914118,Flared,Knitted,Gathered or Pleated,Opaque,Flared,{},,,,
1,SASSAFRAS,Women Burgundy Accordian Pleat Maxi Flared Skirt,Rs. 639,,Maxi,,,Solid,Slip-On,,,,10308667,Flared,Woven,Gathered or Pleated,,Flared,{},Has a lining,,,
2,Reebok,Women Black Epic 2-1 Regular Fit Self-Checked Training Shorts,Rs. 2249,Mid-Rise,Above Knee,Slim Fit,,Checked,Drawstring,,,,11574224,,,,,Sports Shorts,{},,2,Sports,
3,Varanga,Women Off White Cotton Printed Maxi Skirt,Rs. 689,,Maxi,,,Geometric,Drawstring,,,,7200118,Flared,Woven,Tie-Ups,Opaque,Flared,{},,,,
4,KASSUALLY,Women Pink &amp; Black Colourblocked Pleated A-Line Skirt,Rs. 759,,Midi,,,Colourblocked,Slip-On,,,,12395272,Flared,Woven,Gathered or Pleated,,A-Line,{},,,,No Slit
5,Roadster,Women Black Washed Regular Fit Raw Hem Denim Shorts,Rs. 559,Mid-Rise,Above Knee,Regular Fit,,Washed,Drawstring,,,,11541730,,,,,Denim Shorts,{},,4,Casual,
6,Varanga,Women Magenta &amp; Golden Khadi Print Flared Maxi Skirt,Rs. 883,,Maxi,,,Floral,Zip,,,,10653784,Flared,Woven,Gathered or Pleated,,Flared,{},,,,No Slit
7,Varanga,Women Pink and Blue Dyed Maxi Flared Skirt,Rs. 739,,Maxi,,,Tie and Dye,Slip-On,,,,11494284,Flared,Woven,,Opaque,Flared,{},,,Ethnic,
8,Besiva,Women Black Solid Regular Fit Hot Pants,Rs. 799,Mid-Rise,Above Knee,Regular Fit,,Solid,Drawstring,,,,12510526,,Knitted,,,Hot Pants,{},,,Casual,
9,Varanga,Women Lime Green &amp; Blue Dyed Flared Maxi Skirt,Rs. 579,,Maxi,,,Tie and Dye,Drawstring,,,,11299834,Flared,Woven,Gathered or Pleated,Opaque,Flared,{},,,,
10,SASSAFRAS,Women Pink Accordion Pleated Velvet Finish Flared Skirt,Rs. 679,,Knee Length,,,Solid,Slip-On,,,,10861470,Flared,Knitted,Gathered or Pleated,Opaque,Flared,{},,,,
11,Berrylush,Layered Drama Pant &amp; Maxi Skirt,Rs. 903,,Maxi,,,Floral,Slip-On,,,,10393147,Flared,Woven,,Opaque,Flared,{},,,Casual,
12,Besiva,Women Blue Solid Regular Fit Hot Pants,Rs. 799,Mid-Rise,Above Knee,Regular Fit,,Solid,Drawstring,,,,12510528,,Knitted,,,Hot Pants,{},,,Casual,
13,Bitterlime,Women Black Solid Midi A-line Skirt,Rs. 599,,Midi,,,Solid,Slip-On,,,,8224951,Flared,Woven,,,Flared,{},Has a lining,,,Front Slit
14,anayna,Anayna Women Teal Blue &amp; Red Printed Flared Maxi Skirt,Rs. 839,,Maxi,,,Floral,Drawstring,,,,10698570,Flared,Woven,,Opaque,Flared,{},,,,No Slit
15,Alcis,Women Black Solid Slim Fit Outdoor Shorts,Rs. 649,Mid-Rise,Knee Length,Slim Fit,,Solid,Slip-On,,,,12383306,,Knitted,,,Sports Shorts,{},,,Sports,
16,Ira Soleil,Pink Floral Block Print Flared Maxi Skirt,Rs. 869,,Maxi,,,Floral,Slip-On,,,,1764314,Flared,Woven,,,Flared,{},Has a lining,,,No Slit
17,SASSAFRAS,Navy Blue Maxi Skirt with Suspenders,Rs. 599,,Maxi,,,Solid,Button,,,,5649853,Flared,Woven,Gathered or Pleated,,A-Line,{},Has a lining,,,
18,VividArtsy,Women Charcoal Grey Solid Regular Shorts,Rs. 799,Mid-Rise,Above Knee,Regular Fit,,Solid,Drawstring,,,,12739602,,Knitted,,,Regular Shorts,{},,,Casual,
19,An Episode,Women Black &amp; Beige Leopard Print Regular Fit Shorts,Rs. 299,Mid-Rise,Above Knee,Regular Fit,,Animal,Drawstring,,,,11560730,,,,,Regular Shorts,{},,2,Casual,
20,SASSAFRAS,Women Pink &amp; Rust Red Printed A-Line Panelled Skirt,Rs. 599,,Midi,,,Floral,Slip-On,,,,10833328,Flared,Woven,Sheer,,A-Line,{},Has a lining,,,
21,Varanga,Women Pink and Yellow Dyed Maxi Flared Skirt,Rs. 779,,Maxi,,,Tie and Dye,Drawstring,,,,10425960,Flared,Woven,,Opaque,Flared,{},,,,No Slit
22,Clora Creation,Women Mustard Yellow Checked Flared Maxi Skirt,Rs. 989,,Maxi,,,Geometric,Drawstring,,,,12332754,Flared,Woven,,Opaque,Flared,{},,,Ethnic,
23,Marks &amp; Spencer,Women Beige Solid Regular Fit Regular Shorts,Rs. 1199,Mid-Rise,Above Knee,Regular Fit,,Solid,Button,,,,10408115,,,,,Regular Shorts,{},,2,Casual,
24,SASSAFRAS,Women Olive Green &amp; Black Camouflage Print Mini Skirt,Rs. 479,,Mini,,,Camouflage,Zip,,,,7413767,Straight,Woven,,Opaque,Straight,{},,,Casual,
25,Roadster,Women Blue Denim Shorts,Rs. 499,Mid-Rise,Above Knee,Regular Fit,,Solid,Button,,,,1814854,,,,,Denim Shorts,{},,5,Casual,
26,HRX by Hrithik Roshan,Women Moonlit Ocean Solid Regular Fit Rapid-Dry Running Shorts,Rs. 659,Mid-Rise,Above Knee,Regular Fit,,Solid,Slip-On,,,,11357430,,,,,Sports Shorts,{},,2,Sports,
27,SASSAFRAS,Women Yellow Accordian Pleated Satin Finish Maxi Flared Skirt,Rs. 699,,Maxi,,,Solid,Zip,,,,10861466,Flared,Woven,Gathered or Pleated,,Flared,{},Has a lining,,,
28,Varanga,Women Multi-Coloured Phulkari Printed Tiered Flared Maxi Skirt,Rs. 779,,Maxi,,,Floral,Slip-On,,,,12124084,Flared,Woven,,Opaque,Flared,{},,,Ethnic,
29,VividArtsy,Women Black Solid Shorts,Rs. 849,Mid-Rise,Above Knee,Regular Fit,,Solid,Drawstring,,,,12739586,,,,,Regular Shorts,{},,2,Casual,
30,Roadster,Women Navy Blue Washed Regular Fit Denim Shorts,Rs. 454,Mid-Rise,Above Knee,Regular Fit,,Washed,Button,,,,11688438,,,,,Denim Shorts,{},,5,Casual,
31,Deal Jeans,Women Navy Blue Washed Slim Fit Denim Shorts,Rs. 1139,Mid-Rise,Above Knee,Slim Fit,,Solid,Button,,,,12791550,,,,,Denim Shorts,{},,2,Casual,
32,SASSAFRAS,Women Pink Accordian Pleated Maxi Satin Finish Flared Maxi Skirt,Rs. 699,,Maxi,,,Solid,Zip,,,,10861480,Flared,Woven,Gathered or Pleated,,Flared,{},Has a lining,,,
33,Athena,Women Black Solid Regular Fit Shorts,Rs. 519,Mid-Rise,Above Knee,Regular Fit,,Solid,Slip-On,,,,12035320,,,,,Regular Shorts,{},,2,Casual,
34,VividArtsy,Women Grey Melange Solid Shorts,Rs. 849,Mid-Rise,Above Knee,Regular Fit,,Solid,Drawstring,,,,12739610,,,,,Regular Shorts,{},,2,Casual,
35,Inddus,Women Navy Blue &amp; White Chevron Printed Maxi Flared Skirt,Rs. 1664,,Maxi,,,Geometric,Drawstring,,,,12068030,Flared,Woven,Gathered or Pleated,,Flared,{},Has a lining,,,
36,Ira Soleil,Women Pink &amp; Gold-Toned Foil Printed Flared Maxi Skirt,Rs. 999,,Maxi,,,Floral,Zip,,,,10999576,Flared,Woven,,Opaque,Flared,{},,,Ethnic,
37,H&amp;M,Women Black Cotton Jersey Cycling Shorts,Rs. 699,High-Rise,Above Knee,Regular Fit,,Solid,Slip-On,,,,12696136,,Knitted,,,Sports Shorts,{},,,Casual,
38,Roadster,Women Black Washed Denim Straight Skirt,Rs. 664,,Knee Length,,,Washed,Button,,,,10058513,Asymmetric,Woven,,Opaque,Straight,{},,,,Front Slit
39,SASSAFRAS,Women Dusty Pink Solid Midi A-Line Skirt,Rs. 769,,Midi,,,Solid,Button,,,,7687290,Flared,Woven,,Opaque,A-Line,{},,,,Front Slit
40,Varanga,Women Coral Pink &amp; Gold Self Design High-Rise Silk Maxi Skirt,Rs. 999,,Maxi,,,Self Design,Drawstring,,,,11034852,Flared,Woven,,,Flared,{},Has a lining,,,No Slit
41,HERE&amp;NOW,Women Rust Orange Solid Regular Fit Regular Shorts with Side Stripes,Rs. 454,Mid-Rise,Above Knee,Regular Fit,,Solid,Zip,,,,11715050,,,,,Regular Shorts,{},,4,Casual,
42,Roadster,Women Blue Washed Regular Fit Denim Shorts,Rs. 499,Mid-Rise,Above Knee,Regular Fit,,Solid,Button,,,,11118580,,,,,Denim Shorts,{},,5,Casual,
43,RARE ROOTS,RARE Women Maroon Solid Maxi Skirt,Rs. 919,,Maxi,,,Solid,Zip,,,,8879717,Flared,Woven,,Opaque,Flared,{},,,Ethnic,
44,WISSTLER,Women Black Printed Regular Fit Regular Shorts,Rs. 395,Mid-Rise,Above Knee,Regular Fit,,Graphic,Drawstring,,,,7030403,,Woven,,,Regular Shorts,{},,,Casual,
45,Biba,Women Rust Red &amp; Golden Printed Maxi Flared Skirt,Rs. 2519,,Maxi,,,Floral,Drawstring,,,,10556036,Flared,Woven,Tie-Ups,,Flared,{},Has a lining,,,
46,Roadster,Women Navy Blue Solid Regular Fit Denim Shorts,Rs. 559,Mid-Rise,Above Knee,Regular Fit,,Solid,Drawstring,,,,11541732,,,,,Denim Shorts,{},,4,Casual,
47,WISSTLER,Women Navy &amp; Pink Chevron Print Regular Fit Shorts,Rs. 395,Mid-Rise,Above Knee,Regular Fit,,Geometric,Drawstring,,,,2017530,,Woven,,,Regular Shorts,{},,,Casual,
48,N-Gal,Women Black Solid Flared Mini Skirt,Rs. 799,,Mini,,,Solid,Slip-On,,,,9660071,Straight,Knitted,,Opaque,Flared,{},,,,No Slit
49,Berrylush,Maroon Solid Ruffled Flared Maxi Skirt with Attached Trousers,Rs. 819,,Maxi,,,Solid,Drawstring,,,,5125423,High-Low,Woven,Gathered or Pleated,,Flared,{},,,,Front Slit
50,Ira Soleil,Women Black Printed Flared Reversible Maxi Skirt,Rs. 1091,,Maxi,,,Floral,Zip,,,,10374837,Flared,Woven,Layered,,Flared,{},Has a lining,,,
51,H&amp;M,Women Black Cotton Jersey Cycling Shorts,Rs. 699,High-Rise,Above Knee,Regular Fit,,Solid,Slip-On,,,,12696136,,Knitted,,,Sports Shorts,{},,,Casual,
52,Inddus,Women Peach-Coloured Solid Layered Maxi Flared Skirt,Rs. 1590,,Maxi,,,Solid,Button,,,,11615250,Flared,Woven,Layered,,Flared,{},Has a lining,,,
53,WISSTLER,Women Blue Printed Regular Fit Shorts,Rs. 395,Mid-Rise,Above Knee,Regular Fit,,Abstract,Drawstring,,,,11101312,,Woven,,,Regular Shorts,{},,,Casual,
54,HERE&amp;NOW,Women Rust Orange Solid Regular Fit Regular Shorts with Side Stripes,Rs. 454,Mid-Rise,Above Knee,Regular Fit,,Solid,Zip,,,,11715050,,,,,Regular Shorts,{},,4,Casual,
55,Popnetic,Women Brown Solid Straight Skirt,Rs. 559,,Mini,,,Solid,Button,,,,9404677,Asymmetric,Woven,,Opaque,Straight,{},,,Casual,
56,Roadster,Women Navy Blue Solid Regular Fit Denim Shorts,Rs. 559,Mid-Rise,Above Knee,Regular Fit,,Solid,Drawstring,,,,11541732,,,,,Denim Shorts,{},,4,Casual,
57,Varanga,Women Pink and Blue Dyed Maxi Flared Skirt,Rs. 739,,Maxi,,,Tie and Dye,Slip-On,,,,11494284,Flared,Woven,,Opaque,Flared,{},,,Ethnic,
58,Zastraa,Women Black Solid Loose Fit Regular Shorts,Rs. 689,High-Rise,Above Knee,Loose Fit,,Solid,Button,,,,10606448,,,,,Regular Shorts,{},,2,Casual,
59,ONLY,Women Black Solid Slim Fit Denim Shorts,Rs. 629,Mid-Rise,Above Knee,Slim Fit,,Solid,Button,,,,8092823,,,,,Denim Shorts,{},,3,Casual,
60,Sera,Women Black &amp; Off-White Printed Flared Skirt,Rs. 647,,Mini,,,Floral,Zip,,,,7467729,Flared,Woven,,Opaque,Flared,{},Has a lining,,,
61,Roadster,Women Blue Washed Regular Fit Denim Shorts,Rs. 389,Mid-Rise,Above Knee,Regular Fit,,Washed,Button,,,,11688500,,,,,Denim Shorts,{},,5,Casual,
62,MIAMINX,Women Rust Red Solid Pleated Skirt,Rs. 1155,,Knee Length,,,Solid,Zip,,,,10167041,Flared,Woven,Gathered or Pleated,Opaque,A-Line,{},,,,
63,ADIDAS,Women Black Solid Design 2 Move 3-Stripes KT Shorts,Rs. 1439,Mid-Rise,Above Knee,Regular Fit,,Solid,Slip-On,,,,11529494,,,,,Sports Shorts,{},,1,Sports,
64,Ira Soleil,Women Blue Printed Reversible Flared Maxi Skirt,Rs. 1130,,Maxi,,,Floral,Slip-On,,,,8532089,Flared,Woven,,Opaque,Flared,{},Has a lining,,,
65,Alcis,Women Black Solid Slim Fit Outdoor Shorts,Rs. 649,Mid-Rise,Knee Length,Slim Fit,,Solid,Slip-On,,,,12383306,,Knitted,,,Sports Shorts,{},,,Sports,
66,Berrylush,Women Maroon Solid Flared Maxi Skirt,Rs. 703,,Maxi,,,Solid,Zip,,,,11134036,Flared,Woven,Tie-Ups,Opaque,Flared,{},,,,
67,Roadster,Women Blue Solid Regular Fit Denim Shorts,Rs. 584,Mid-Rise,Above Knee,Regular Fit,,Solid,Button,,,,11118426,,,,,Denim Shorts,{},,5,Casual,
68,SASSAFRAS,Women Fluorescent Green Solid Accordion Pleated A-Line Skirt,Rs. 639,,Knee Length,,,Solid,Slip-On,,,,11514710,Flared,Woven,Gathered or Pleated,,A-Line,{},,,,No Slit
69,Ira Soleil,Women Black &amp; Rose-Gold Toned Printed Flared Maxi Skirt,Rs. 1052,,Maxi,,,Floral,Zip,,,,11159506,Flared,Woven,,Opaque,Flared,{},,,Ethnic,
70,max,Women Blue Washed Regular Fit Denim Shorts,Rs. 799,Mid-Rise,Knee Length,Regular Fit,,Washed,Button,,,,12713332,,,,,Denim Shorts,{},,5,Casual,
71,Purple Feather,Black Pencil Skirt,Rs. 509,,Knee Length,,,,Zip,,,,1294879,Straight,Knitted and Woven,,,Pencil,{},,,Formal,
72,Varanga,Women Rust Orange  &amp; Mustard Yellow Dyed Tiered Flared Maxi Skirt,Rs. 791,,Maxi,,,Tie and Dye,Drawstring,,,,12124094,Flared,Woven,Tie-Ups,Opaque,Flared,{},,,,
73,Marks &amp; Spencer,Women Beige Solid Regular Fit Regular Shorts,Rs. 1199,Mid-Rise,Above Knee,Regular Fit,,Solid,Button,,,,10408115,,,,,Regular Shorts,{},,2,Casual,
74,Inddus,Women Teal Blue Solid Georgette Ruffle Tiered Skirt,Rs. 1664,,Maxi,,,Solid,Button,,,,11387440,Flared,Woven,Gathered or Pleated,,Tiered,{},Has a lining,,,
75,Roadster,Women Blue Regular Fit Washed Faded Denim Shorts,Rs. 499,Mid-Rise,Above Knee,Regular Fit,,Washed,Button,,,,11118602,,,,,Denim Shorts,{},,5,Casual,
76,Varanga,Women Off-White Solid Maxi Tiered Skirt with Gotta Patti Detail,Rs. 987,,Maxi,,,Solid,Slip-On,,,,12253014,Flared,Woven,Gathered or Pleated,,Tiered,{},Has a lining,,,
77,Roadster,Women Navy Blue Washed Regular Fit Denim Shorts,Rs. 454,Mid-Rise,Above Knee,Regular Fit,,Washed,Button,,,,11688506,,,,,Denim Shorts,{},,5,Casual,
78,SASSAFRAS,Women Pink Solid Accordion Pleated Satin Finish Flared Midi Skirt,Rs. 1099,,Midi,,,Solid,Slip-On,,,,12541594,Flared,Woven,Gathered or Pleated,,Flared,{},Has a lining,,,
79,Popnetic,Women Black Solid Wrap Skirt,Rs. 559,,Mini,,,Solid,Button,,,,9404673,Asymmetric,Woven,,Opaque,Wrap,{},,,,Front Slit
80,Inddus,Women Pink &amp; Red Dual-Toned Foil Print Striped Flared Maxi Skirt,Rs. 1469,,Maxi,,,Striped,Zip,,,,10746180,Flared,Woven,,,Flared,{},Has a lining,,,No Slit
81,Deal Jeans,Women Navy Blue Washed Slim Fit Denim Shorts,Rs. 1139,Mid-Rise,Above Knee,Slim Fit,,Solid,Button,,,,12791550,,,,,Denim Shorts,{},,2,Casual,
82,Varanga,Women Black Cotton Printed Maxi Skirt,Rs. 689,,Maxi,,,Geometric,Drawstring,,,,7200121,Flared,Woven,Tie-Ups,Opaque,Flared,{},,,,
83,Zastraa,Women White &amp; Black Striped Regular Fit Shorts,Rs. 499,High-Rise,Above Knee,Regular Fit,,Striped,Slip-On,,,,9358835,,,,,Regular Shorts,{},,2,Casual,
84,Berrylush,Women Navy Blue Solid Bow-Tie High-Waist Maxi Skirt,Rs. 703,,Maxi,,,Solid,Zip,,,,11125522,Flared,Woven,,Opaque,Flared,{},,,Party,
85,Roadster,Women Charcoal Grey Acid Wash Regular Fit Denim Shorts,Rs. 389,Mid-Rise,Above Knee,Regular Fit,,Washed,Button,,,,11688418,,,,,Denim Shorts,{},,5,Casual,
86,Global Desi,Women Navy Blue &amp; Gold-Toned Printed Flared Maxi Skirt,Rs. 1439,,Maxi,,,Floral,Zip,,,,10789420,Flared,Woven,,Opaque,Flared,{},,,Ethnic,
87,Cultsport,Women Navy Blue Solid Regular Fit Running Sports Shorts,Rs. 769,Mid-Rise,Above Knee,Regular Fit,,Solid,Slip-On,,,,10609008,,Woven,,,Sports Shorts,{},,,Sports,
88,Just Wow,Women Peach-Coloured Solid Net Flared Maxi Party Wear Skirt,Rs. 1289,,Maxi,,,Solid,Zip,,,,11377652,Flared,Woven,,Opaque,Flared,{},Has a lining,,,
89,Varanga,Women Black &amp; Golden Printed Maxi Flared Skirt,Rs. 749,,Maxi,,,Geometric,Drawstring,,,,11049246,Flared,Woven,Gathered or Pleated,Opaque,Flared,{},,,,
90,Moda Rapido,Women Black &amp; Golden Printed Flared Maxi Skirt,Rs. 1099,,Maxi,,,Geometric,Drawstring,,,,8687397,Flared,Woven,Gathered or Pleated,,Flared,{},,,,No Slit
91,Trend Arrest,Women Blue Washed Loose Fit Denim Shorts,Rs. 899,High-Rise,Above Knee,Loose Fit,,Washed,Button,,,,10412916,,,,,Denim Shorts,{},,2,Casual,
92,Berrylush,Women Yellow Solid Flared Maxi Skirt,Rs. 703,,Maxi,,,Solid,Zip,,,,12206326,Flared,Woven,Gathered or Pleated,Opaque,Flared,{},,,,
93,Varanga,Women Black &amp; Golden-Toned Printed Flared Maxi Skirt,Rs. 883,,Maxi,,,Floral,Drawstring,,,,11462070,Flared,Woven,Gathered or Pleated,Opaque,Flared,{},,,,
94,anayna,Women Black &amp; Beige Printed Flared Maxi Skirt,Rs. 999,,Maxi,,,Floral,Drawstring,,,,11227214,Flared,Woven,,,Flared,{},Has a lining,,,No Slit
95,SASSAFRAS,Women Green &amp; Pink Printed Accordian Pleated A-Line Skirt,Rs. 719,,Knee Length,,,Floral,Slip-On,,,,11364390,Flared,Woven,Gathered or Pleated,,A-Line,{},,,,No Slit
96,DressBerry,Women Pink Schiffli Embroidered A-Line Skirt,Rs. 624,,Mini,,,Self Design,Zip,,,,11272204,Flared,Woven,Embroidered,,A-Line,{},Has a lining,,,
97,Alsace Lorraine Paris,Women Burgundy &amp; Peach-Coloured Floral Printed Regular Fit Shorts,Rs. 599,Mid-Rise,Above Knee,Regular Fit,,Floral,Zip,,,,11649162,,Woven,,,Regular Shorts,{},,,Casual,
98,Tokyo Talkies,Women Blue Solid Denim Mini A-Line Skirt,Rs. 612,,Mini,,,Solid,Button,,,,12391770,Straight,Woven,Distressed,Opaque,A-Line,{},,,,
99,Clora Creation,Women Red Printed Flared Maxi Skirt,Rs. 1049,,Maxi,,,Self Design,Drawstring,,,,10466114,Flared,Woven,,Opaque,Flared,{},,,Ethnic,
100,Clora Creation,Women Cream-Coloured &amp; Gold-Toned Printed Flared Maxi Skirt,Rs. 993,,Maxi,,,Floral,Drawstring,,,,11627860,Flared,Knitted,,Opaque,Flared,{},,,,No Slit
101,Indietoga,Women Black Checked Loose Fit Regular Shorts,Rs. 1999,High-Rise,Above Knee,Loose Fit,,Checked,Slip-On,,,,10790918,,,,,Regular Shorts,{},,2,Casual,
102,Roadster,Women Black Washed Distressed Regular Fit Denim Shorts,Rs. 454,Mid-Rise,Above Knee,Regular Fit,,Washed,Button,,,,11688440,,,,,Denim Shorts,{},,5,Casual,
103,Varanga,Women Coral Orange &amp; Golden Banarasi Silk Self-Design Flared Maxi Skirt,Rs. 1439,,Maxi,,,Self Design,Drawstring,,,,10653786,Flared,Woven,Tie-Ups,,Flared,{},Has a lining,,,
104,Mast &amp; Harbour,Women White Solid Regular Fit Denim Shorts,Rs. 639,Mid-Rise,Above Knee,Regular Fit,,Solid,Button,,,,2175664,,,,,Denim Shorts,{},,5,Casual,
105,Vero Moda,Women Black &amp; Silver Embellished Pencil Skirt,Rs. 1049,,Mini,,,Embellished,Zip,,,,10795834,Straight,Woven,Embellished,,Pencil,{},Has a lining,,,
106,Tokyo Talkies,Women Blue Solid A-Line Skirt,Rs. 359,,Knee Length,,,Solid,Zip,,,,12437634,Flared,Woven,,Opaque,A-Line,{},,,,No Slit
107,Varanga,Women Pink and Blue Dyed Maxi Flared Skirt,Rs. 739,,Maxi,,,Tie and Dye,Slip-On,,,,11494284,Flared,Woven,,Opaque,Flared,{},,,Ethnic,
108,SASSAFRAS,Women Red Solid Accordion Pleated Satin Finish Maxi Flared Skirt,Rs. 1319,,Maxi,,,Solid,Zip,,,,12541612,Flared,Woven,Gathered or Pleated,,Flared,{},Has a lining,,,
109,Just Wow,Women Black Solid Flared Maxi Skirt,Rs. 1049,,Maxi,,,Solid,Zip,,,,8772717,Flared,Woven,,,Flared,{},Has a lining,,,No Slit
110,MABISH by Sonal Jain,Women Beige Solid Maxi Wrap Skirt,Rs. 792,,Maxi,,,Solid,Zip,,,,9864285,Tulip,Woven,Tie-Ups,,Wrap,{},,,,No Slit
111,SASSAFRAS,Off-White Maxi Skirt with Suspenders,Rs. 599,,Maxi,,,Solid,Button,,,,5649889,Flared,Woven,Gathered or Pleated,,A-Line,{},,,,Front Slit
112,Roadster,Women Blue Washed Regular Fit Denim Shorts,Rs. 349,Mid-Rise,Above Knee,Regular Fit,,Washed,Button,,,,11541508,,,,,Denim Shorts,{},,5,Casual,
113,STREET 9,Women Black &amp; Red Printed Maxi Wrap Skirt,Rs. 849,,Maxi,,,Floral,Zip,,,,12222484,High-Low,Woven,Tie-Ups,Opaque,Wrap,{},,,,
114,HRX by Hrithik Roshan,Women Rose Dawn Solid Regular Fit Rapid-Dry Running Shorts,Rs. 719,Mid-Rise,Above Knee,Regular Fit,,Solid,Slip-On,,,,11357432,,,,,Sports Shorts,{},,2,Sports,
115,Alcis,Women Black Solid Slim Fit Outdoor Shorts,Rs. 649,Mid-Rise,Knee Length,Slim Fit,,Solid,Slip-On,,,,12383306,,Knitted,,,Sports Shorts,{},,,Sports,
116,Athena,Grey Floral Printed Maxi Skirt,Rs. 747,,Maxi,,,Floral,Zip,,,,6131671,Tulip,Woven,Gathered or Pleated,,Tulip,{},Has a lining,,,
117,Clora Creation,Women Multicoloured Checked Flared Maxi Skirt,Rs. 1199,,Maxi,,,Geometric,Drawstring,,,,12332730,Flared,Woven,,Opaque,Flared,{},Has a lining,,,
118,ether,Women Navy Blue Solid A-Line Skirt,Rs. 489,,Midi,,,Solid,Button,,,,11168516,Flared,Woven,Gathered or Pleated,,A-Line,{},Has a lining,,,
119,Shae by SASSAFRAS,Women White &amp; Blue Paisley Print Maxi Flared Skirt,Rs. 719,,Maxi,,,Geometric,Drawstring,,,,11349824,Flared,Woven,,Opaque,Flared,{},Has a lining,,,
120,Purple Feather,Women Blue Solid Straight High Waist Stretchable Skirt,Rs. 747,,Knee Length,,,Solid,Button,,,,11651856,Straight,Knitted and Woven,,Opaque,Pencil,{},,,,Back Slit
121,SASSAFRAS,Women Mustard Yellow Solid Knee Length A-Line Skirt,Rs. 559,,Knee Length,,,Solid,Button,,,,7687329,Straight,Woven,,Opaque,A-Line,{},,,,Front Slit
122,INDYA,Gold-Toned A-Line Maxi Skirt,Rs. 1200,,Maxi,,,Solid,Zip,,,,2452322,Flared,Woven,,Opaque,A-Line,{},,,,No Slit
123,Marks &amp; Spencer,Women Beige Solid Regular Fit Regular Shorts,Rs. 1199,Mid-Rise,Above Knee,Regular Fit,,Solid,Button,,,,10408115,,,,,Regular Shorts,{},,2,Casual,
124,Ira Soleil,Women Olive green &amp; Maroon Printed Layered Reversible Flared Maxi Skirt,Rs. 1679,,Maxi,,,Floral,Slip-On,,,,8739919,Flared,Woven,,,Flared,{},Has a lining,,,No Slit
125,The Pink Moon,Plus Size Women Black Solid A-Line Skirt,Rs. 1499,,Knee Length,,,Solid,Slip-On,,,,11310508,Flared,Woven,,Opaque,A-Line,{},,,,No Slit
126,Ira Soleil,Women Maroon Printed Flared Maxi Skirt,Rs. 1052,,Maxi,,,Self Design,Zip,,,,11445566,Flared,Woven,,Opaque,Flared,{},,,Ethnic,
127,Roadster,Women Navy Blue Solid Regular Fit Denim Shorts,Rs. 499,Mid-Rise,Above Knee,Regular Fit,,Solid,Button,,,,12069730,,,,,Denim Shorts,{},,5,Casual,
128,SCORPIUS,Women Pink &amp; Yellow Floral Printed Flared Maxi Chiffon Skirt,Rs. 799,,Maxi,,,Floral,Slip-On,,,,12337178,Flared,Knitted,,Opaque,Flared,{},Has a lining,,,
129,Moda Rapido,Women Blue Solid Regular Fit Denim Shorts,Rs. 519,Mid-Rise,Above Knee,Regular Fit,,Solid,Button,,,,9063245,,,,,Denim Shorts,{},,5,Casual,
130,Tokyo Talkies,Women Black Solid Denim Mini A-Line Skirt,Rs. 619,,Mini,,,Solid,Button,,,,12044490,Straight,Woven,,Opaque,A-Line,{},,,Casual,
131,Deal Jeans,Women Navy Blue Washed Slim Fit Denim Shorts,Rs. 1139,Mid-Rise,Above Knee,Slim Fit,,Solid,Button,,,,12791550,,,,,Denim Shorts,{},,2,Casual,
132,MANGO,Women Black &amp; White Checked Mini Wrap Skort,Rs. 2093,,Mini,,,Checked,Button,,,,12676784,Asymmetric,Woven,,Opaque,Skorts,{},,,,No Slit
133,WISSTLER,Women Black Printed Regular Fit Regular Shorts,Rs. 399,Mid-Rise,Above Knee,Regular Fit,,Floral,Drawstring,,,,9621443,,Woven,,,Regular Shorts,{},,,Casual,
134,Castle,Women Black Solid Skirt,Rs. 1424,,Midi,,,Solid,Slip-On,,,,10559234,Straight,Woven,,Opaque,Straight,{},,,,Back Slit
135,Karmic Vision,Women Black Solid Ruffled Straight Skirt,Rs. 791,,Knee Length,,,Solid,Zip,,,,10929900,Flared,Woven,,Opaque,Straight,{},,,,No Slit
136,MANGO,Women Black Solid Mini A-Line Skirt,Rs. 2093,,Mini,,,Solid,Slip-On,,,,12676830,Flared,Woven,,Opaque,A-Line,{},,,,No Slit
137,Global Desi,Red Printed Gathered Maxi Skirt,Rs. 499,,Maxi,,,Floral,Slip-On,,,,7287400,Flared,Woven,Gathered or Pleated,,Flared,{},,,,No Slit
138,Bossini,Women Black Solid Regular Fit Regular Shorts,Rs. 764,Mid-Rise,Above Knee,Regular Fit,,Solid,Button,,,,11788254,,,,,Regular Shorts,{},,4,Casual,
139,Varanga,Women Black &amp; Golden Printed Maxi Flared Skirt,Rs. 749,,Maxi,,,Geometric,Drawstring,,,,11049246,Flared,Woven,Gathered or Pleated,Opaque,Flared,{},,,,
140,Global Desi,Women Navy Printed A-line Maxi Skirt,Rs. 499,,Maxi,,,Geometric,Slip-On,,,,7433909,Flared,Woven,Gathered or Pleated,,A-Line,{},,,,No Slit
141,Just Wow,Women Green Solid Soft Net Fit &amp; Flared Party Wear Maxi Skirt,Rs. 1289,,Maxi,,,Solid,Zip,,,,11139398,Flared,Woven,,,Flared,{},Has a lining,,,No Slit
142,Nun,Black A-Line Skirt,Rs. 497,,Mini,,,,Zip,,,,1349209,Flared,Woven,,,A-Line,{},,,Party,
143,Clora Creation,Women Black &amp; Gold-Coloured Self-Design Flared Maxi Skirt,Rs. 1274,,Maxi,,,Self Design,Zip,,,,12663960,Flared,Woven,,Opaque,Flared,{},Has a lining,,,
144,Rigo,RIGO Women Black Flared Mini Skirt,Rs. 439,,Mini,,,Solid,Button,,,,7078933,Flared,Knitted,,Opaque,Flared,{},,,,No Slit
145,Zastraa,Women Burgundy Solid Loose Fit Regular Shorts,Rs. 689,High-Rise,Above Knee,Loose Fit,,Solid,Slip-On,,,,10606446,,,,,Regular Shorts,{},,2,Casual,
146,H&amp;M,Women Blue Solid A-line Skirt,Rs. 899,,Mini,,,Solid,Button,,,,12153400,Straight,Knitted,,Opaque,A-Line,{},,,,Front Slit
147,Amante,Women White Solid Skinny Fit Sports Shorts,Rs. 245,Mid-Rise,Above Knee,Skinny Fit,,Solid,Slip-On,,,,12467940,,Knitted,,,Sports Shorts,{},,,Casual,
148,Roadster,Women Blue Washed Denim Straight Skirt,Rs. 419,,Mini,,,Washed,Button,,,,11489600,Straight,Knitted,,Opaque,Straight,{},,,,Back Slit
149,SCORPIUS,Women Off-White &amp; Blue Floral Printed Flared Maxi Skirt,Rs. 899,,Maxi,,,Floral,Slip-On,,,,11808702,Flared,Knitted,Gathered or Pleated,,Flared,{},Has a lining,,,
150,Mast &amp; Harbour,Women Blue Washed Regular Fit Denim Shorts With Side Stripes,Rs. 599,High-Rise,Above Knee,Regular Fit,,Solid,Button,,,,11693242,,,,,Denim Shorts,{},,5,Casual,
151,HRX by Hrithik Roshan,Women Black Solid Regular Fit Rapid Dry Football Shorts,Rs. 524,Mid-Rise,Above Knee,Regular Fit,,Solid,Drawstring,,,,11641044,,,,,Sports Shorts,{},,2,Sports,
152,Leading Lady,Women Beige Solid Slim Fit Sports Shorts,Rs. 479,High-Rise,Above Knee,Slim Fit,,Solid,Slip-On,,,,7432999,,Knitted,,,Sports Shorts,{},,,Casual,
153,Clora Creation,Women Mustard Yellow Printed Flared Maxi Skirt,Rs. 1049,,Maxi,,,Floral,Drawstring,,,,11627858,Flared,Knitted,Embellished,,Flared,{},,,,No Slit
154,Ira Soleil,Women Charcoal Grey &amp; Pink Printed Reversible Flared Maxi Skirt,Rs. 1014,,Maxi,,,Floral,Slip-On,,,,8532093,Flared,Woven,,,Flared,{},Has a lining,,,No Slit
155,Roadster,Women Blue Washed Regular Fit Denim Shorts,Rs. 389,Mid-Rise,Above Knee,Regular Fit,,Washed,Button,,,,11688412,,,,,Denim Shorts,{},,5,Casual,
156,Mayra,Women Black Pencil Skirt,Rs. 478,,Knee Length,,,Solid,Zip,,,,7215785,Straight,Woven,,Opaque,Pencil,{},,,,Back Slit
157,Varanga,Women Pink and Blue Dyed Maxi Flared Skirt,Rs. 739,,Maxi,,,Tie and Dye,Slip-On,,,,11494284,Flared,Woven,,Opaque,Flared,{},,,Ethnic,
158,H&amp;M,Women Blue Solid Short Denim Skirt,Rs. 999,,Mini,,,Solid,Button,,,,12040292,Straight,Woven,,Opaque,Straight,{},,,,No Slit
159,SASSAFRAS,Women Maroon Solid Pencil Skirt,Rs. 559,,Midi,,,Solid,Slip-On,,,,10861476,Straight,Knitted,,Opaque,Pencil,{},,,Casual,
160,HERE&amp;NOW,Women Grey Solid Regular Fit Denim Shorts,Rs. 559,Mid-Rise,Above Knee,Regular Fit,,Solid,Button,,,,7175685,,,,,Denim Shorts,{},,5,Casual,
161,Roadster,Women Black Solid Regular Fit Denim Shorts,Rs. 454,Mid-Rise,Above Knee,Regular Fit,,Solid,Button,,,,11688450,,,,,Denim Shorts,{},,5,Casual,
162,StyleStone,Women Blue Solid A-Line Denim Pencil Skirt,Rs. 639,,Midi,,,Washed,Button,,,,6596260,Straight,Knitted,,Opaque,Straight,{},,,,Front Slit
163,HERE&amp;NOW,Women Blue &amp; White Pintucks Printed Flared Maxi Skirt,Rs. 539,,Maxi,,,Geometric,Zip,,,,12010714,Flared,Woven,Gathered or Pleated,Opaque,Flared,{},,,,
164,SASSAFRAS,Women White Self-Striped Corduroy A-Line Mini Skirt,Rs. 719,,Mini,,,Striped,Button,,,,12288178,Straight,Woven,,Opaque,A-Line,{},,,Casual,
165,Alcis,Women Black Solid Slim Fit Outdoor Shorts,Rs. 649,Mid-Rise,Knee Length,Slim Fit,,Solid,Slip-On,,,,12383306,,Knitted,,,Sports Shorts,{},,,Sports,
166,Roadster,Women Blue Washed Regular Fit Denim Shorts,Rs. 389,Mid-Rise,Above Knee,Regular Fit,,Washed,Button,,,,11688420,,,,,Denim Shorts,{},,5,Casual,
167,Purple Feather,Women Black &amp; Off-White Striped Pencil Skirt,Rs. 599,,Knee Length,,,Striped,Zip,,,,10492806,Straight,Knitted,,Opaque,Pencil,{},,,,Back Slit
168,Marks &amp; Spencer,Women Pink Solid Regular Fit Shorts,Rs. 749,Mid-Rise,Above Knee,Regular Fit,,Solid,Hook,,,,9978889,,,,,Regular Shorts,{},,2,Casual,
169,Purple State,Women Red &amp; Blue Printed Mini Skort,Rs. 299,,Mini,,,Floral,Zip,,,,12187694,Asymmetric,Knitted,,Opaque,Skorts,{},,,,Front Slit
170,Rider Republic,Women Black Solid Pencil Skirt,Rs. 672,,Mini,,,Solid,Button,,,,7869639,Straight,Woven,,Opaque,Pencil,{},,,Casual,
171,SASSAFRAS,Women Lavender &amp; Beige Printed Accordion Pleat A-Line Skirt,Rs. 719,,Knee Length,,,Floral,Slip-On,,,,11364468,Flared,Woven,Gathered or Pleated,,A-Line,{},,,,No Slit
172,Athena,Women Burgundy Solid Pencil Midi Skirt,Rs. 649,,Midi,,,Solid,Slip-On,,,,12086086,Straight,Woven,,Opaque,Pencil,{},,,,Front Slit
173,Marks &amp; Spencer,Women Beige Solid Regular Fit Regular Shorts,Rs. 1199,Mid-Rise,Above Knee,Regular Fit,,Solid,Button,,,,10408115,,,,,Regular Shorts,{},,2,Casual,
174,Just Wow,Women Black Solid Soft Net Fit &amp; Flared Party Wear Maxi Skirt,Rs. 1289,,Maxi,,,Solid,Zip,,,,11139392,Flared,Woven,,,Flared,{},Has a lining,,,No Slit
175,Besiva,Women Black Solid Net Flared Skirt,Rs. 1299,,Midi,,,Solid,Slip-On,,,,9856877,Flared,Woven,Gathered or Pleated,,Flared,{},Has a lining,,,
176,SASSAFRAS,Women Beige Solid Corduroy A-Line Skirt,Rs. 699,,Mini,,,Solid,Button,,,,12288128,Straight,Woven,,Opaque,Straight,{},,,Casual,
177,Athena,Women Black Lace A-Line Skirt,Rs. 624,,Knee Length,,,Self Design,Slip-On,,,,9535423,Flared,Woven,,Opaque,A-Line,{},Has a lining,,,
178,SOUNDARYA,Women Off-White Printed Doria Booti A-Line Maxi Skirt,Rs. 1999,,Maxi,,,Graphic,Drawstring,,,,11545898,Straight,Woven,,Opaque,A-Line,{},Has a lining,,,
179,Clora Creation,Women Gold &amp; Silver Checked Flared Maxi Skirt,Rs. 1199,,Maxi,,,Geometric,Drawstring,,,,12332746,Flared,Woven,,Opaque,Flared,{},Has a lining,,,
180,Berrylush,Green Solid Ruffled Flared Maxi Skirt with Attached Trousers,Rs. 819,,Maxi,,,Solid,Drawstring,,,,5125414,High-Low,Woven,Gathered or Pleated,,Flared,{},,,,Front Slit
181,Deal Jeans,Women Navy Blue Washed Slim Fit Denim Shorts,Rs. 1139,Mid-Rise,Above Knee,Slim Fit,,Solid,Button,,,,12791550,,,,,Denim Shorts,{},,2,Casual,
182,SCORPIUS,Women Coral &amp; Pink Printed Pencil Skirt,Rs. 629,,Knee Length,,,Graphic,Zip,,,,11969584,Straight,Knitted,,Opaque,Pencil,{},,,,Back Slit
183,Moda Rapido,Women Black Solid Regular Fit Denim Shorts,Rs. 629,Mid-Rise,Above Knee,Regular Fit,,Solid,Button,,,,12011680,,,,,Denim Shorts,{},,5,Casual,
184,Bitterlime,Women White Solid Ruffled Layered A-line Skirt,Rs. 599,,Midi,,,Solid,Slip-On,,,,8224925,High-Low,Woven,Layered,,Flared,{},Has a lining,,,
185,WISSTLER,Women Navy Blue &amp; Beige Dog Printed Regular Shorts,Rs. 395,Mid-Rise,Above Knee,Regular Fit,,Conversational,Drawstring,,,,12646304,,Woven,,,Regular Shorts,{},,,Casual,
186,C9,Women Beige Solid Regular Fit Sports Shorts,Rs. 399,Mid-Rise,Above Knee,Regular Fit,,Solid,Slip-On,,,,8581201,,Knitted,,,Sports Shorts,{},,,Sports,
187,SOUNDARYA,Women Maroon &amp; Gold-Toned Printed Flared Maxi Skirt,Rs. 1999,,Maxi,,,Self Design,Drawstring,,,,11545908,Straight,Woven,,Opaque,Flared,{},Has a lining,,,
188,KASSUALLY,Women Navy Blue Washed Denim A-Line Mini Skirt,Rs. 575,,Mini,,,Washed,Button,,,,11928862,Straight,Woven,,Opaque,A-Line,{},,,Casual,
189,Varanga,Women Black &amp; Golden Printed Maxi Flared Skirt,Rs. 749,,Maxi,,,Geometric,Drawstring,,,,11049246,Flared,Woven,Gathered or Pleated,Opaque,Flared,{},,,,
190,ROVING MODE,Women Solid White Flared Semi Sheer Midi Skirt,Rs. 2090,,Midi,,,Solid,Zip,,,,7080705,Flared,Woven,,,A-Line,{},Has a lining,,,No Slit
191,Roadster,Women Blue Solid Regular Fit Distressed Denim Shorts,Rs. 549,Mid-Rise,Above Knee,Regular Fit,,Solid,Button,,,,12069702,,,,,Denim Shorts,{},,5,Casual,
192,Mast &amp; Harbour,Women White Washed Regular Fit Denim Hot Shorts,Rs. 749,Mid-Rise,Above Knee,Regular Fit,,Washed,Button,,,,11693236,,,,,Denim Shorts,{},,5,Casual,
193,Popnetic,Women Black Solid A-Line Skirt,Rs. 679,,Mini,,,Solid,Zip,,,,9404671,Straight,Woven,Gathered or Pleated,,A-Line,{},,,,Back Slit
194,RARE,Women Navy Blue Striped A-Line Maxi Skirt,Rs. 764,,Maxi,,,Striped,Slip-On,,,,7761646,Straight,Woven,,,A-Line,{},Has a lining,,,No Slit
195,Nun,Women Navy Blue Solid Slim Fit Hot Pants,Rs. 697,Mid-Rise,Above Knee,Slim Fit,,Solid,Zip,,,,6707414,,Woven,,,Hot Pants,{},,,Casual,
196,Moda Rapido,Beige &amp; Coffee Brown Printed Maxi Flared Skirt,Rs. 799,,Maxi,,,Abstract,Drawstring,,,,4373366,Flared,Woven,Gathered or Pleated,,Flared,{},,,,No Slit
197,Popnetic,Women Black Solid A-Line Skirt,Rs. 639,,Knee Length,,,Solid,Button,,,,9404661,Flared,Woven,,Opaque,A-Line,{},,,,Front Slit
198,Juniper,Women Gold-Coloured Solid Organza Flared Maxi Skirt,Rs. 683,,Maxi,,,Solid,Button,,,,10835920,Flared,Woven,,Opaque,Flared,{},Has a lining,,,
199,The Vanca,Women Red Printed Maxi Skirt,Rs. 713,,Maxi,,,Floral,Zip,,,,8632783,Straight,Woven,,,A-Line,{},Has a lining,,,No Slit
200,IMARA,Women Off-White Printed Flared Maxi Skirt,Rs. 629,,Maxi,,,Geometric,Drawstring,,,,10307037,Flared,Woven,Gathered or Pleated,Opaque,Flared,{},,,,
201,Tokyo Talkies,Women Black Solid Denim A-Line Mini Skirt,Rs. 612,,Knee Length,,,Solid,Zip,,,,12394232,Straight,Woven,Distressed,,A-Line,{},,,,No Slit
202,Aeropostale,Women Blue Washed Regular Fit Denim Shorts,Rs. 999,Mid-Rise,Above Knee,Regular Fit,,Washed,Button,,,,11936010,,,,,Denim Shorts,{},,5,Casual,
203,Meee,Women Black &amp; Pink Printed Loose Fit Regular Shorts,Rs. 559,Mid-Rise,Above Knee,Loose Fit,,Floral,Slip-On,,,,11691908,,Woven,,,Regular Shorts,{},,,Casual,
204,Fame Forever by Lifestyle,Women Olive Green Solid Regular Fit Regular Shorts,Rs. 909,Mid-Rise,Above Knee,Regular Fit,,Solid,Button,,,,11559858,,,,,Regular Shorts,{},,4,Casual,
205,Moda Rapido,Women Blue Solid Regular Fit Denim Shorts,Rs. 599,Mid-Rise,Above Knee,Regular Fit,,Solid,Button,,,,1894966,,,,,Denim Shorts,{},,5,Casual,
206,Athena,Women Red Solid Regular Fit Sports Shorts,Rs. 519,Mid-Rise,Above Knee,Regular Fit,,Solid,Slip-On,,,,12035322,,,,,Sports Shorts,{},,2,Casual,
207,Varanga,Women Pink and Blue Dyed Maxi Flared Skirt,Rs. 739,,Maxi,,,Tie and Dye,Slip-On,,,,11494284,Flared,Woven,,Opaque,Flared,{},,,Ethnic,
208,DressBerry,Women Red &amp; White Striped A-Line Skirt,Rs. 659,,Knee Length,,,Striped,Button,,,,11002744,Straight,Woven,,Opaque,A-Line,{},,,,Front Slit
209,Roadster,Women White Solid Skinny Fit Denim Straight Skirt with Side Taping Detail,Rs. 559,,Mini,,,Solid,Button,,,,11541826,Curved,Woven,,Opaque,Straight,{},,,,Back Slit
210,Varanga,Black Pure Cotton Gold Skirt,Rs. 539,,Maxi,,,Geometric,Drawstring,,,,2147464,Flared,Woven,Gathered or Pleated,,Flared,{},,,,No Slit
211,Aeropostale,Women Black Solid Regular Fit Denim Shorts,Rs. 899,Mid-Rise,Above Knee,Regular Fit,,Solid,Button,,,,11936008,,,,,Denim Shorts,{},,5,Casual,
212,Mast &amp; Harbour,Women Blue Solid High Rise Regular Fit Denim Shorts,Rs. 899,High-Rise,Above Knee,Regular Fit,,Solid,Button,,,,11608682,,,,,Denim Shorts,{},,5,Casual,
213,H&amp;M,Women Black Paper Bag Skirt,Rs. 899,,Mini,,,Solid,Slip-On,,,,11470020,Straight,Woven,,Opaque,Flared,{},,,,No Slit
214,Roadster,Women Blue Washed Regular Fit Denim Shorts,Rs. 499,Mid-Rise,Above Knee,Regular Fit,,Washed,Button,,,,12069738,,,,,Denim Shorts,{},,5,Casual,
215,Alcis,Women Black Solid Slim Fit Outdoor Shorts,Rs. 649,Mid-Rise,Knee Length,Slim Fit,,Solid,Slip-On,,,,12383306,,Knitted,,,Sports Shorts,{},,,Sports,
216,The Vanca,Women Navy Blue &amp; White Printed Flared Maxi Skirt,Rs. 799,,Maxi,,,Geometric,Slip-On,,,,11101156,Flared,Woven,Gathered or Pleated,Opaque,A-Line,{},,,,
217,Roadster,Women Blue Washed Regular Fit Denim Shorts,Rs. 349,Mid-Rise,Above Knee,Regular Fit,,Washed,Button,,,,11541672,,,,,Denim Shorts,{},,3,Casual,
218,Athena,Women Green Solid Pencil Midi Skirt,Rs. 844,,Midi,,,Solid,Slip-On,,,,12086088,Straight,Knitted,,Opaque,Pencil,{},,,,Front Slit
219,Bitterlime,Women Black Block Print Flared Maxi Skirt,Rs. 799,,Maxi,,,Floral,Zip,,,,9884745,Flared,Woven,,Opaque,Flared,{},,,Ethnic,
220,DressBerry,Women Yellow Solid Regular Fit Sports Shorts,Rs. 349,Mid-Rise,Above Knee,Regular Fit,,Solid,Slip-On,,,,11003620,,Knitted,,,Sports Shorts,{},,,Sports,
221,Vastraa Fusion,Women Pink Solid Chanderi Flared Maxi Skirt,Rs. 527,,Maxi,,,Solid,Zip,,,,11665648,Flared,Woven,,Semi Sheer,Flared,{},Has a lining,,,
222,Mast &amp; Harbour,Women Peach-Coloured Solid Straight Denim Skirt,Rs. 824,,Mini,,,Solid,Button,,,,11608674,Straight,Woven,,Opaque,Straight,{},,,,No Slit
223,Marks &amp; Spencer,Women Beige Solid Regular Fit Regular Shorts,Rs. 1199,Mid-Rise,Above Knee,Regular Fit,,Solid,Button,,,,10408115,,,,,Regular Shorts,{},,2,Casual,
224,I AM FOR YOU,Women Off-White &amp; Blue Tropical Printed Midi A-Line Skirt,Rs. 509,,Midi,,,Floral,Slip-On,,,,11626146,Flared,Woven,,Opaque,A-Line,{},Has a lining,,,
225,Kook N Keech Disney,Women Blue Washed Distressed Denim Shorts,Rs. 489,Mid-Rise,Above Knee,Regular Fit,,Washed,Button,,,,10926964,,,,,Denim Shorts,{},,5,Casual,
226,Mast &amp; Harbour,Women Red Solid Regular Shorts,Rs. 494,Mid-Rise,Above Knee,Regular Fit,,Solid,Drawstring,,,,12331980,,,,,Regular Shorts,{},,2,Casual,
227,Kazo,Women Navy Blue Solid Knitted Pencil Mini Skirt,Rs. 796,,Mini,,,Solid,Zip,,,,11240126,Straight,Knitted,,Opaque,Pencil,{},,,,No Slit
228,Athena,Women Blue Solid Regular Fit Regular Shorts,Rs. 493,Mid-Rise,Above Knee,Regular Fit,,Solid,Slip-On,,,,12035326,,,,,Regular Shorts,{},,2,Casual,
229,C9,Women Black Solid Regular Fit Sports Shorts,Rs. 449,Mid-Rise,Above Knee,Regular Fit,,Solid,Slip-On,,,,7498214,,Knitted,,,Sports Shorts,{},,,Sports,
230,DressBerry,Women Off-White Schiffli Embroidered Straight Skirt,Rs. 624,,Knee Length,,,Geometric,Zip,,,,11272498,Straight,Woven,,Opaque,Straight,{},Has a lining,,,
231,Deal Jeans,Women Navy Blue Washed Slim Fit Denim Shorts,Rs. 1139,Mid-Rise,Above Knee,Slim Fit,,Solid,Button,,,,12791550,,,,,Denim Shorts,{},,2,Casual,
232,Roadster,Women Blue Solid Regular Fit Denim Shorts,Rs. 519,Mid-Rise,Above Knee,Regular Fit,,Solid,Button,,,,2367803,,,,,Denim Shorts,{},,5,Casual,
233,Berrylush,Dusty Pink Solid Ruffled Maxi Skirt with Attached Trousers,Rs. 819,,Maxi,,,Solid,Slip-On,,,,7091932,Asymmetric,Woven,Layered,,Flared,{},,,,Front Slit
234,Bitterlime,Women Burgundy Block Print Flared Maxi Skirt,Rs. 799,,Maxi,,,Floral,Zip,,,,9884725,Flared,Woven,,Opaque,Flared,{},,,Party,
235,Roadster,Women Blue Acid Wash Regular Fit Denim Shorts,Rs. 499,Mid-Rise,Above Knee,Regular Fit,,Washed,Button,,,,12069710,,,,,Denim Shorts,{},,5,Casual,
236,Berrylush,Women Mustard Yellow Solid High-Low Maxi Skirt with Attached Trousers,Rs. 714,,Maxi,,,Solid,Drawstring,,,,10726152,High-Low,Woven,Tie-Ups,,Flared,{},,,,No Slit
237,WISSTLER,Women Navy Blue Printed Regular Fit Casual Shorts,Rs. 395,Mid-Rise,Above Knee,Regular Fit,,Graphic,Drawstring,,,,2516733,,Woven,,,Sports Shorts,{},,,Casual,
238,SASSAFRAS,Women Beige Solid Corduroy A-Line Skirt,Rs. 699,,Midi,,,Solid,Button,,,,12288124,Flared,Woven,,Opaque,A-Line,{},,,,Front Slit
239,Varanga,Women Black &amp; Golden Printed Maxi Flared Skirt,Rs. 749,,Maxi,,,Geometric,Drawstring,,,,11049246,Flared,Woven,Gathered or Pleated,Opaque,Flared,{},,,,
240,Rider Republic,Women Navy Blue Denim Pencil Skirt,Rs. 747,,Mini,,,Solid,Button,,,,7869903,Straight,Knitted,,Opaque,Pencil,{},,,Casual,
241,Rute,Women Grey Solid Slim Fit Hot Pants,Rs. 755,Mid-Rise,Above Knee,Slim Fit,,Solid,Drawstring,,,,11550402,,Woven,,,Hot Pants,{},,,Casual,
242,MAGRE,Women Navy Blue Striped Loose Fit Hot Pants,Rs. 845,High-Rise,Above Knee,Loose Fit,,Striped,Slip-On,,,,8815453,,,,,Hot Pants,{},,2,Casual,
243,I AM FOR YOU,Women Grey &amp; Black Digital Floral Printed Skirt,Rs. 699,,Maxi,,,Floral,Zip,,,,12392764,Flared,Woven,,,Flared,{},Has a lining,,,Multiple Slits
244,Roadster,Women Blue Washed Side Striped Straight Denim Skirt with Raw Edges,Rs. 719,,Knee Length,,,Washed,Button,,,,11541872,Straight,Woven,,Opaque,Straight,{},,,Casual,
245,MANGO,Women Red Solid Regular Fit Shorts,Rs. 805,Mid-Rise,Above Knee,Regular Fit,,Solid,Button,,,,11175636,,,,,Regular Shorts,{},,2,Casual,
246,Bitterlime,Women Peach-Coloured Block Print Pleated Skirt,Rs. 599,,Maxi,,,Floral,Drawstring,,,,2386304,Flared,Woven,Gathered or Pleated,,Flared,{},,,,No Slit
247,Amante,Women White Solid Skinny Fit Sports Shorts,Rs. 245,Mid-Rise,Above Knee,Skinny Fit,,Solid,Slip-On,,,,12467940,,Knitted,,,Sports Shorts,{},,,Casual,
248,STREET 9,Women Grey &amp; Black Printed A-Line Skirt,Rs. 639,,Mini,,,Abstract,Zip,,,,11234324,Straight,Knitted,,Opaque,A-Line,{},,,,No Slit
249,Roadster,Women Grey Washed Regular Fit Denim Shorts,Rs. 389,Mid-Rise,Above Knee,Regular Fit,,Washed,Button,,,,11688430,,,,,Denim Shorts,{},,5,Casual,
250,Cation,White Pencil Mini Skirt,Rs. 1299,,Mini,,,Solid,Zip,,,,2102282,Straight,Woven,,Opaque,Pencil,{},,,,No Slit
251,Besiva,Women Black Solid Regular Shorts,Rs. 1299,Mid-Rise,Above Knee,Regular Fit,,Solid,Slip-On,,,,2684797,,Woven,,,Regular Shorts,{},,,Casual,
252,High Star,Women White Solid Regular Fit Denim Shorts,Rs. 599,Mid-Rise,Above Knee,Regular Fit,,Washed,Button,,,,10897408,,,,,Denim Shorts,{},,5,Casual,
253,Rider Republic,Brown Pencil Skirt,Rs. 582,,Mini,,,,Zip,,,,1094471,Asymmetric,Woven,,,Pencil,{},,,Casual,
254,Athena,Women Navy Blue Lace A-Line Skirt,Rs. 499,,Knee Length,,,Self Design,Slip-On,,,,9535343,Flared,Woven,,Opaque,A-Line,{},Has a lining,,,
255,Purple Feather,Women Maroon Solid Pencil Skirt,Rs. 492,,Knee Length,,,Solid,Zip,,,,6406436,Straight,Woven,,Opaque,Pencil,{},,,,Back Slit
256,Roadster,Women Black Solid Regular Fit Denim Shorts,Rs. 489,Mid-Rise,Above Knee,Regular Fit,,Solid,Button,,,,11541970,,,,,Denim Shorts,{},,2,Casual,
257,Varanga,Women Pink and Blue Dyed Maxi Flared Skirt,Rs. 739,,Maxi,,,Tie and Dye,Slip-On,,,,11494284,Flared,Woven,,Opaque,Flared,{},,,Ethnic,
258,DressBerry,Women Navy Blue Solid Straight Skirt,Rs. 539,,Midi,,,Solid,Zip,,,,11272166,Straight,Knitted,,,Straight,{},Has a lining,,,Front Slit
259,Moda Rapido,Women Blue Washed Regular Fit Denim Shorts,Rs. 559,Mid-Rise,Above Knee,Regular Fit,,Washed,Button,,,,12011690,,,,,Denim Shorts,{},,5,Casual,
260,Roadster,Women Navy Blue Washed Regular Fit  Distressed Denim Shorts,Rs. 499,Mid-Rise,Above Knee,Regular Fit,,Washed,Button,,,,12069704,,,,,Denim Shorts,{},,5,Casual,
261,WISSTLER,Women Navy Blue &amp; White Printed Regular Fit Shorts,Rs. 395,Mid-Rise,Above Knee,Regular Fit,,Conversational,Drawstring,,,,11101304,,Woven,,,Regular Shorts,{},,,Casual,
262,Sera,Navy Printed Flared Skirt,Rs. 439,,Knee Length,,,Geometric,Slip-On,,,,1923957,Flared,Woven,Gathered or Pleated,,Flared,{},,,,No Slit
263,Belle Fille,Women White &amp; Red Floral Print Regular Shorts,Rs. 399,Mid-Rise,Above Knee,Regular Fit,,Floral,Button,,,,10261913,,,,,Regular Shorts,{},,2,Casual,
264,Tokyo Talkies,Women Cream-Coloured Solid A-Line Knee-Length Skirt,Rs. 599,,Knee Length,,,Solid,Button,,,,11992708,Straight,Woven,,Opaque,A-Line,{},,,,Front Slit
265,Alcis,Women Black Solid Slim Fit Outdoor Shorts,Rs. 649,Mid-Rise,Knee Length,Slim Fit,,Solid,Slip-On,,,,12383306,,Knitted,,,Sports Shorts,{},,,Sports,
266,WISSTLER,Women Blue Printed Regular Fit Regular Shorts,Rs. 399,Mid-Rise,Above Knee,Regular Fit,,Geometric,Drawstring,,,,9621439,,Woven,,,Regular Shorts,{},,,Casual,
267,DressBerry,Women Mustard Yellow Solid Tiered A-Line Maxi Skirt,Rs. 454,,Maxi,,,Solid,Zip,,,,11182910,Flared,Woven,Gathered or Pleated,,A-Line,{},,,,No Slit
268,Roadster,Women Black Washed Regular Fit Denim Shorts,Rs. 499,Mid-Rise,Above Knee,Regular Fit,,Washed,Button,,,,11118442,,,,,Denim Shorts,{},,5,Casual,
269,Fruit of the loom,Women Navy Blue Solid Regular Fit Flex Cycling Shorts,Rs. 249,High-Rise,Above Knee,Regular Fit,,Solid,Slip-On,,,,9812675,,Knitted,,,Sports Shorts,{},,,Sports,
270,MANGO,Women Peach-Coloured Solid Accordian Pleated A-Line Skirt,Rs. 3213,,Midi,,,Solid,Slip-On,,,,12089708,Flared,Woven,Gathered or Pleated,Opaque,A-Line,{},,,,
271,House of Pataudi,Women Maroon &amp; Black Printed A-Line Maxi Skirt,Rs. 1499,,Maxi,,,Floral,Zip,,,,11023932,Flared,Woven,,Opaque,A-Line,{},,,Ethnic,
272,Just Wow,Women Grey Solid Net Flared Maxi Partywear Skirt,Rs. 1289,,Maxi,,,Solid,Zip,,,,11510116,Flared,Woven,,Opaque,Flared,{},Has a lining,,,
273,Marks &amp; Spencer,Women Beige Solid Regular Fit Regular Shorts,Rs. 1199,Mid-Rise,Above Knee,Regular Fit,,Solid,Button,,,,10408115,,,,,Regular Shorts,{},,2,Casual,
274,Zastraa,Women Black Striped Regular Fit Regular Shorts,Rs. 499,High-Rise,Above Knee,Regular Fit,,Checked,Drawstring,,,,6631985,,,,,Regular Shorts,{},,2,Casual,
275,Inddus,Women Rust Orange Solid Flared Maxi Skirt,Rs. 1719,,Maxi,,,Solid,Zip,,,,11615260,Flared,Woven,Gathered or Pleated,,Flared,{},Has a lining,,,
276,MANGO,Women Blue Washed Straight Denim Skirt,Rs. 1813,,Mini,,,Washed,Button,,,,12089722,Straight,Woven,,Opaque,Straight,{},,,Casual,
277,Clora Creation,Women Navy Blue Checked Flared Maxi Skirt,Rs. 1199,,Maxi,,,Geometric,Drawstring,,,,12332738,Flared,Woven,,Opaque,Flared,{},Has a lining,,,
278,Ira Soleil,Women Pink Solid Flared Skirt,Rs. 1169,,Maxi,,,Solid,Zip,,,,11676810,Flared,Woven,,Opaque,Flared,{},Has a lining,,,
279,Athena,Women Pink Solid Midi Pencil Skirt,Rs. 649,,Midi,,,Solid,Slip-On,,,,12086090,Straight,Knitted,,Opaque,Pencil,{},,,,Front Slit
280,MANGO,Women Black Solid Straight Sustainable Skirt,Rs. 1434,,Knee Length,,,Solid,Button,,,,11175114,Straight,Knitted,,Opaque,Straight,{},,,,Back Slit
281,Deal Jeans,Women Navy Blue Washed Slim Fit Denim Shorts,Rs. 1139,Mid-Rise,Above Knee,Slim Fit,,Solid,Button,,,,12791550,,,,,Denim Shorts,{},,2,Casual,
282,HRX by Hrithik Roshan,Women Fig Solid Regular Fit Mid-Rise Lifestyle Shorts,Rs. 549,Mid-Rise,Above Knee,Regular Fit,,Solid,Drawstring,,,,12155994,,,,,Regular Shorts,{},,3,Sports,
283,Roadster,Women Blue Solid Regular Fit Denim Shorts,Rs. 499,Mid-Rise,Above Knee,Regular Fit,,Solid,Button,,,,11118500,,,,,Denim Shorts,{},,5,Casual,
284,Clora Creation,Women Maroon Checked Flared Maxi Skirt,Rs. 1199,,Maxi,,,Geometric,Drawstring,,,,12332748,Flared,Woven,,Opaque,Flared,{},Has a lining,,,
285,MANGO,Women Khaki Solid Straight Skirt with Button Detailing,Rs. 3213,,Knee Length,,,Solid,Button,,,,12089730,Straight,Woven,,Opaque,Straight,{},,,,Front Slit
286,ether,Women Grey Melange Solid Maxi Pencil Skirt With Side Slit,Rs. 439,,Maxi,,,Solid,Zip,,,,11900356,Straight,Woven,,Opaque,Pencil,{},,,,Side Slit
287,Moda Rapido,Women Blue Washed Denim Shorts,Rs. 769,Mid-Rise,,Regular Fit,,Washed,,,,,1800339,,Woven,Distressed,,Denim Shorts,{},,5,Casual,
288,Desi Weavess,Women Peach-coloured &amp; Gold-Coloured Embellished Taffeta Flared Maxi Skirt,Rs. 2399,,Maxi,,,Embellished,Zip,,,,12344886,Flared,Woven,,Opaque,Flared,{},,,,No Slit
289,Varanga,Women Black &amp; Golden Printed Maxi Flared Skirt,Rs. 749,,Maxi,,,Geometric,Drawstring,,,,11049246,Flared,Woven,Gathered or Pleated,Opaque,Flared,{},,,,
290,ONLY,Women Green &amp; Black Checked Mini Skorts,Rs. 1259,,Mini,,,Checked,Zip,,,,11383656,Asymmetric,Woven,Layered,Opaque,Skorts,{},,,,
291,Tokyo Talkies,Women Charcoal Grey Flared Knee-Length Solid A-Line Skirt,Rs. 1154,,Midi,,,Solid,Slip-On,,,,10847834,Flared,Woven,,Opaque,A-Line,{},,,Casual,
292,ROVING MODE,Women Solid Black Flared Semi Sheer Midi Skirt,Rs. 2090,,Midi,,,Solid,Zip,,,,7080706,Flared,Woven,,,A-Line,{},Has a lining,,,No Slit
293,House of Pataudi,Women Grey &amp; Red Printed A-Line Maxi Skirt,Rs. 1249,,Maxi,,,Floral,Zip,,,,11023930,Flared,Woven,,Opaque,A-Line,{},,,Ethnic,
294,CODE by Lifestyle,Women Black Solid A-Line Skirt,Rs. 1139,,Knee Length,,,Solid,Slip-On,,,,12780230,Flared,Knitted,,Opaque,Flared,{},,,,No Slit
295,Mast &amp; Harbour,Women Blue Washed Denim Shorts,Rs. 899,Mid-Rise,Above Knee,Regular Fit,,Washed,Button,,,,10323399,,,,,Denim Shorts,{},,5,Casual,
296,Just Wow,Women Red Solid Flared Maxi Skirt,Rs. 1199,,Maxi,,,Solid,Zip,,,,10843198,Flared,Woven,,,Flared,{},Has a lining,,,No Slit
297,Amante,Women White Solid Skinny Fit Sports Shorts,Rs. 245,Mid-Rise,Above Knee,Skinny Fit,,Solid,Slip-On,,,,12467940,,Knitted,,,Sports Shorts,{},,,Casual,
298,Ginger by Lifestyle,Women Black Solid Regular Fit Regular Shorts,Rs. 799,Mid-Rise,Above Knee,Regular Fit,,Solid,Hook,,,,11510164,,,,,Regular Shorts,{},,2,Casual,
299,Bitterlime,Women Mustard Block Print Flared Maxi Skirt,Rs. 799,,Maxi,,,Floral,Zip,,,,9884737,Flared,Woven,,Opaque,Flared,{},,,Party,
300,Roadster,Women Navy Blue Washed Regular Fit Denim Shorts,Rs. 454,Mid-Rise,Above Knee,Regular Fit,,Washed,Button,,,,11688436,,,,,Denim Shorts,{},,5,Casual,
301,DOROTHY PERKINS,Women Navy Blue Accordion Pleated Solid A-Line Midi Skirt,Rs. 2093,,Midi,,,Solid,Slip-On,,,,12125704,Flared,Knitted,,,A-Line,{},Has a lining,,,No Slit
302,Athena,Black Solid Straight Skirt,Rs. 906,,Knee Length,,,Solid,Zip,,,,7190384,Straight,Knitted,,Opaque,Straight,{},,,,Back Slit
303,Zastraa,Women White Solid Loose Fit Regular Shorts,Rs. 689,High-Rise,Above Knee,Loose Fit,,Solid,Button,,,,10606462,,,,,Regular Shorts,{},,2,Casual,
304,Purple Feather,Women Navy Blue Solid High Waist Stretchable Skirt,Rs. 764,,Knee Length,,,Solid,Button,,,,11651860,Straight,Knitted and Woven,,Opaque,Pencil,{},,,Casual,
305,Cultsport,Women Blue Solid Regular Fit Running Sports Shorts,Rs. 769,Mid-Rise,Above Knee,Regular Fit,,Solid,Slip-On,,,,10608912,,Woven,,,Sports Shorts,{},,,Sports,
306,Mast &amp; Harbour,Women Blue Solid Regular Fit Denim Shorts,Rs. 824,Mid-Rise,Above Knee,Regular Fit,,Washed,Button,,,,2359678,,,,,Denim Shorts,{},,5,Casual,
307,Varanga,Women Pink and Blue Dyed Maxi Flared Skirt,Rs. 739,,Maxi,,,Tie and Dye,Slip-On,,,,11494284,Flared,Woven,,Opaque,Flared,{},,,Ethnic,
308,Roadster,Women Navy Blue &amp; Off-White Dyed Washed Regular Fit Denim Shorts,Rs. 454,Mid-Rise,Above Knee,Regular Fit,,Washed,Button,,,,11688442,,,,,Denim Shorts,{},,5,Casual,
309,Just Wow,Women Navy Blue Solid Soft Net Fit &amp; Flared Party Wear Maxi Skirt,Rs. 1289,,Maxi,,,Solid,Zip,,,,11139400,Flared,Woven,,,Flared,{},Has a lining,,,No Slit
310,Hypernation,Women Black Solid Regular Fit Denim Shorts,Rs. 699,Mid-Rise,Above Knee,Regular Fit,,Solid,Button,,,,12430764,,,,,Denim Shorts,{},,5,Casual,
311,AURELIA,Women Blue &amp; Silver Ethnic Print Flared Maxi Skirt,Rs. 1999,,Maxi,,,Geometric,Slip-On,,,,11808924,Flared,Woven,Gathered or Pleated,,Flared,{},,,,No Slit
312,Mast &amp; Harbour,Women Blue Washed Regular Fit Denim Shorts,Rs. 599,Mid-Rise,Above Knee,Regular Fit,,Washed,Button,,,,11693220,,,,,Denim Shorts,{},,5,Casual,
313,Athena,Women Pink Solid Regular Fit Shorts,Rs. 909,Mid-Rise,Above Knee,Regular Fit,,Solid,Slip-On,,,,12035328,,,,,Regular Shorts,{},,2,Casual,
314,Roadster,Women Navy Blue Solid Regular Fit Denim Shorts,Rs. 499,Mid-Rise,Above Knee,Regular Fit,,Solid,Button,,,,12069732,,,,,Denim Shorts,{},,5,Casual,
315,Alcis,Women Black Solid Slim Fit Outdoor Shorts,Rs. 649,Mid-Rise,Knee Length,Slim Fit,,Solid,Slip-On,,,,12383306,,Knitted,,,Sports Shorts,{},,,Sports,
316,Clora Creation,Women Navy Blue Solid Flared Maxi Skirt,Rs. 1087,,Maxi,,,Solid,Drawstring,,,,12332742,Flared,Woven,Embellished,,Flared,{},Has a lining,,,
317,DressBerry,Navy Blue Solid Accordian Pleated A-Line Skirt,Rs. 509,,Knee Length,,,Solid,Zip,,,,10440554,Flared,Woven,Gathered or Pleated,,A-Line,{},,,,No Slit
318,Puma,Women Black Solid Regular Fit Sports Shorts,Rs. 1624,Mid-Rise,Knee Length,Regular Fit,,Solid,Slip-On,,,,11442758,,,,,Sports Shorts,{},,2,Sports,
319,Mast &amp; Harbour,Women Blue Solid Regular Shorts,Rs. 494,Mid-Rise,Above Knee,Regular Fit,,Solid,Drawstring,,,,12331986,,Knitted,,,Regular Shorts,{},,,Casual,
320,Clora Creation,Women Navy Blue &amp; Gold-Colour Woven-Design Flared Maxi Skirt,Rs. 1189,,Maxi,,,Geometric,Drawstring,,,,12663954,Flared,Woven,,Opaque,Flared,{},Has a lining,,,
321,KASSUALLY,Women Beige Solid A-Line Knee-Length Skirt,Rs. 612,,Midi,,,Solid,Slip-On,,,,11289004,Flared,Woven,,Opaque,A-Line,{},,,,No Slit
322,Zastraa,Women Black &amp; White Striped Regular Fit Shorts,Rs. 599,High-Rise,Above Knee,Regular Fit,,Striped,Slip-On,,,,12373840,,,,,Regular Shorts,{},,2,Casual,
323,Marks &amp; Spencer,Women Beige Solid Regular Fit Regular Shorts,Rs. 1199,Mid-Rise,Above Knee,Regular Fit,,Solid,Button,,,,10408115,,,,,Regular Shorts,{},,2,Casual,
324,SASSAFRAS,Women Red &amp; White Striped Pencil Skirt,Rs. 559,,Midi,,,Striped,Slip-On,,,,9552901,Straight,Knitted,,Opaque,Pencil,{},,,,Side Slit
325,WoowZerz,Women Black Printed Midi A-Line Skirt,Rs. 2495,,Midi,,,Floral,Button,,,,8728943,Asymmetric,Woven,Fringed,Opaque,A-Line,{},,,,
326,Nike,"Women Pink Colourblocked NK SMLSS ICNCLSH 8"" SCL Regular Fit Sports Shorts",Rs. 2246,Mid-Rise,Above Knee,Regular Fit,,Colourblocked,Slip-On,,,,12553144,,Knitted,,,Sports Shorts,{},,,Sports,
327,SASSAFRAS,Women Green &amp; Beige Printed Flared Skirt,Rs. 679,,Midi,,,Floral,Slip-On,,,,11364532,Flared,Woven,Gathered or Pleated,,A-Line,{},Has a lining,,,
328,Cultsport,Women Black Solid Slim Fit Sports Shorts,Rs. 769,Mid-Rise,Above Knee,Slim Fit,,Solid,Drawstring,,,,10806598,,Woven,,,Sports Shorts,{},,,Sports,
329,The Vanca,Women Grey Printed Maxi Skirt,Rs. 713,,Maxi,,,Floral,Zip,,,,8632787,Straight,Woven,,,A-Line,{},Has a lining,,,No Slit
330,MANGO,Women Navy Blue Solid Formal Straight Sustainable Skirt,Rs. 1195,,Knee Length,,,Solid,Button,,,,11175264,Straight,Knitted,,Opaque,Straight,{},,,,Back Slit
331,Deal Jeans,Women Navy Blue Washed Slim Fit Denim Shorts,Rs. 1139,Mid-Rise,Above Knee,Slim Fit,,Solid,Button,,,,12791550,,,,,Denim Shorts,{},,2,Casual,
332,Trend Arrest,Women Black Solid Mini Pencil Skirt,Rs. 699,,Mini,,,Solid,Slip-On,,,,12299742,Straight,Knitted,,Opaque,Pencil,{},,,Casual,
333,H&amp;M,Women Blue Solid Denim Skirt,Rs. 1609,,Mini,,,Solid,Button,,,,12119624,Straight,Knitted,,Opaque,Straight,{},,,,No Slit
334,Mast &amp; Harbour,Women Blue Washed Regular Fit Denim Shorts,Rs. 909,Mid-Rise,Above Knee,Regular Fit,,Washed,Button,,,,2383148,,,,,Denim Shorts,{},,5,Casual,
335,Cultsport,Women Black Solid Fly Dry Regular Fit Sports Running Shorts,Rs. 839,Mid-Rise,Above Knee,Regular Fit,,Solid,Drawstring,,,,10558994,,Knitted,,,Sports Shorts,{},,,Sports,
336,Athena,Women Burgundy Solid A-Line Midi Skirt With Front Frill Detail,Rs. 824,,Midi,,,Solid,Slip-On,,,,11637512,Asymmetric,Knitted,Gathered or Pleated,,A-Line,{},,,,Side Slit
337,RARE,Women Maroon &amp; Navy Blue Striped A-Line Maxi Skirt,Rs. 798,,Maxi,,,Striped,Slip-On,,,,7761648,Straight,Woven,,,A-Line,{},Has a lining,,,Multiple Slits
338,MAGRE,Women Grey Checked Loose Fit Regular Shorts,Rs. 845,High-Rise,Above Knee,Loose Fit,,Checked,Slip-On,,,,7098622,,,,,Regular Shorts,{},,2,Casual,
339,Varanga,Women Black &amp; Golden Printed Maxi Flared Skirt,Rs. 749,,Maxi,,,Geometric,Drawstring,,,,11049246,Flared,Woven,Gathered or Pleated,Opaque,Flared,{},,,,
340,Roadster,Women Blue Solid Regular Fit Denim Shorts,Rs. 499,Mid-Rise,Above Knee,Regular Fit,,Solid,Button,,,,12069742,,,,,Denim Shorts,{},,5,Casual,
341,Mast &amp; Harbour,Women Navy Blue Solid Straight Denim Skirt,Rs. 824,,Mini,,,Solid,Button,,,,11608666,Straight,Woven,,Opaque,Straight,{},,,,No Slit
342,INDYA,Women Blue &amp; Gold-Toned Chanderi Floral Printed Maxi Skirt,Rs. 1750,,Maxi,,,Self Design,Zip,,,,11715292,Flared,Woven,,Opaque,Flared,{},Has a lining,,,
343,Bitterlime,Women Block Print Kalidar Orange Skirt,Rs. 719,,Maxi,,,Floral,Drawstring,,,,2386303,Flared,Woven,Gathered or Pleated,,Flared,{},,,,No Slit
344,MANGO,Women Blue Washed Denim A-Line Skirt,Rs. 2093,,Mini,,,Washed,Button,,,,12300566,Straight,Woven,,Opaque,A-Line,{},,,,Front Slit
345,DOROTHY PERKINS,Women Blue Washed Denim Mini A-Line Skirt,Rs. 2093,,Mini,,,Washed,Button,,,,12313934,Straight,Woven,,Opaque,A-Line,{},,,,No Slit
346,INDYA,Women Yellow Printed Banarasi Flared Maxi Skirt,Rs. 1600,,Maxi,,,Geometric,Zip,,,,10639942,Straight,Woven,,,Flared,{},Has a lining,,,No Slit
347,Amante,Women White Solid Skinny Fit Sports Shorts,Rs. 245,Mid-Rise,Above Knee,Skinny Fit,,Solid,Slip-On,,,,12467940,,Knitted,,,Sports Shorts,{},,,Casual,
348,Roadster,Women Blue Washed Regular Fit Denim Shorts,Rs. 454,Mid-Rise,Above Knee,Regular Fit,,Washed,Button,,,,11688382,,,,,Denim Shorts,{},,5,Casual,
349,Miss Chase,Women Blue Solid Regular Fit Denim Shorts,Rs. 809,Mid-Rise,Above Knee,Regular Fit,,Solid,Button,,,,10286957,,,,,Denim Shorts,{},,5,Casual,
